2022	The Institute	Action,Thriller	en	89 mins	NULL
1970	And Soon the Darkness	Action,Horror,Mystery,Thriller	en	99 mins	NULL
1993	Posse	Action,Western	en	111 mins	R
2010	8213: Gacy House	Action,Horror,Mystery,Thriller	en	86 mins	NULL
2021	Expiry	Action,Sci-Fi	en	85 mins	NULL
2017	Not in My Neighbourhood	Action,Documentary,History	en	86 mins	NULL
1956	Lust for Life	Action,Biography,Drama	en	122 mins	NULL
2010	Shit Year	Action,Drama	en	95 mins	NULL
2006	Jackass Number Two	Action,Comedy,Documentary	en	92 mins	R
2008	The Love Guru	Action,Comedy,Romance,Sport	en	87 mins	PG-13
2012	3 A.M. 3D	Action,Horror	th	96 mins	NULL
1981	Happy Birthday to Me	Action,Horror,Mystery,Thriller	en	111 mins	NULL
1958	The Reluctant Debutante	Action,Comedy,Romance	en	94 mins	NULL
2019	Honey Boy	Action,Drama	en	94 mins	R
2022	The Mystery of Marilyn Monroe: The Unheard Tapes	Action,Documentary	en	101 mins	NULL
1988	Slugs	Action,Horror,Sci-Fi	es	92 mins	NULL
1978	The Inglorious Bastards	Action,Adventure,War	it	99 mins	NULL
2010	Rubber	Action,Comedy,Fantasy,Horror	en	82 mins	R
2013	Cavemen	Action,Comedy	en	88 mins	R
1994	Accumulator 1	Action,Comedy,Fantasy,Romance,Sci-Fi	cs	102 mins	NULL
1968	Partner	Action,Drama	it	105 mins	NULL
1947	Born to Kill	Action,Crime,Drama,Film-Noir,Thriller	en	92 mins	NULL
1996	Forbidden City Cop	Action,Comedy,Fantasy,Romance,Thriller	cn	89 mins	NULL
2017	The Other Side of Hope	Action,Comedy,Drama	fi	100 mins	NULL
2021	Dead Again	Action,Comedy,Horror,Sci-Fi	en	75 mins	NULL
2020	Vengeance	Action,Crime	en	74 mins	NULL
2018	In a Relationship	Action,Comedy,Drama	en	92 mins	NULL
2015	Irrational Man	Action,Comedy,Crime,Drama,Mystery,Romance	en	95 mins	R
2012	The Black Dahlia Haunting	Action,Crime,Drama,Horror,Mystery	en	80 mins	NULL
1986	The Transformers: The Movie	Action,Adventure,Animation,Family,Sci-Fi	en	84 mins	NULL
2015	Natasha	Action,Drama	en	93 mins	NULL
2014	Buzzard	Action,Comedy,Drama,Horror	en	97 mins	NULL
2014	Mommy	Action,Drama	fr	139 mins	R
1963	Diary of a Madman	Action,Horror	en	96 mins	NULL
2017	Terror in Woods Creek	Action,Horror,Thriller	en	91 mins	NULL
2015	Canners	Documentary	en	78 mins	NULL
2014	Honeymoon	Action,Drama,Fantasy,Horror,Mystery,Romance,Sci-Fi,Thriller	en	87 mins	R
2008	Gigantic	Action,Comedy,Drama,Romance	en	98 mins	R
2019	Don't Let Go	Action,Drama,Horror,Mystery,Sci-Fi,Thriller	en	103 mins	R
2014	Pulp: A Film About Life, Death & Supermarkets	Action,Documentary,Music	en	90 mins	NULL
2020	The Case Died with Her	Action	en	NULL	NULL
2019	Scary Stories to Tell in the Dark	Action,Adventure,Horror,Mystery,Thriller	en	108 mins	PG-13
2004	Intimate Strangers	Action,Drama,Romance,Thriller	fr	104 mins	R
1965	Battle of the Bulge	Action,Drama,History,War	en	167 mins	NULL
1969	True Grit	Action,Adventure,Drama,Western	en	128 mins	NULL
1929	Figaro	Action,Drama	fr	120 mins	NULL
2014	Xenia	Action,Drama,Romance	el	134 mins	NULL
2012	Talaash: The Answer Lies Within	Action,Crime,Drama,Fantasy,Mystery,Thriller	hi	140 mins	NULL
2004	Confessions of a Teenage Drama Queen	Action,Comedy,Family,Music,Romance	en	89 mins	PG
2020	The Woodsman	Drama,Mystery,Thriller	en	90 mins	NULL
1962	Jigsaw	Action,Crime,Drama,Mystery,Thriller	en	107 mins	NULL
2009	The Maid	Comedy,Drama	es	95 mins	NULL
1981	Body Heat	Action,Crime,Drama,Romance,Thriller	en	113 mins	NULL
2014	Hoodies vs. Hooligans	Action,Thriller	en	95 mins	NULL
2020	Saezuru Tori Wa Habatakanai: The Clouds Gather	Animation,Crime,Drama,Romance	ja	85 mins	NULL
1991	Terminator 2: Judgment Day	Action,Adventure,Sci-Fi,Thriller	en	137 mins	R
1976	Robin and Marian	Action,Adventure,Drama,Romance	en	106 mins	NULL
1963	Black Sabbath	Action,Horror	it	92 mins	NULL
2019	Ravage	Action,Horror,Thriller	en	84 mins	NULL
2020	Next Door Neighbor	Comedy,Drama	ko	130 mins	NULL
2016	Terra Formars	Action,Horror,Sci-Fi	ja	108 mins	NULL
1986	Power	Drama	en	111 mins	NULL
2017	The Immortal Wars	Action	en	92 mins	NULL
1982	Wrong Is Right	Action,Comedy,Drama,Thriller	en	117 mins	NULL
2014	A Fighting Man	Action,Drama,Sport	en	88 mins	R
2014	Rampage: Capital Punishment	Action,Crime,Thriller	en	93 mins	NULL
2010	Breaking the Press	Action,Drama,Sport	en	95 mins	PG
2018	Float Like a Butterfly	Action,Drama,History,Sport	en	104 mins	NULL
2015	Tired Violence	Documentary	en	76 mins	NULL
2015	The Little Prince	Action,Adventure,Animation,Drama,Family,Fantasy	en	108 mins	PG
2011	George Harrison: Living in the Material World	Action,Biography,Documentary,Music	en	208 mins	NULL
2016	Free Fire	Action,Comedy,Crime,Thriller	en	91 mins	R
1997	The Man Who Knew Too Little	Action,Comedy,Crime,Drama,Thriller	en	94 mins	PG
1995	Strange Days	Action,Crime,Drama,Sci-Fi,Thriller	en	145 mins	R
2019	Letters from a Nut	Action,Comedy	en	70 mins	NULL
2018	Alien Code	Action,Mystery,Sci-Fi,Thriller	en	97 mins	NULL
2003	Aileen: Life and Death of a Serial Killer	Action,Crime,Documentary	en	93 mins	R
2016	Gukoroku - Traces of Sin	Action,Drama,Mystery	ja	120 mins	NULL
2016	Bonaparte: The Egyptian Campaign	Action,Biography,Documentary,History,War	en	66 mins	NULL
2001	Fish People	Action,Comedy	es	89 mins	NULL
2011	Black Butterflies	Action,Biography,Drama	nl	100 mins	NULL
1991	F/X2	Action,Thriller	en	108 mins	NULL
2012	Ice Age: Continental Drift	Action,Adventure,Animation,Comedy,Drama,Family,Fantasy,History	en	88 mins	PG
1998	Secret Defense	Action,Crime,Drama	fr	170 mins	NULL
2019	Label Me	Action,Drama	de	60 mins	NULL
2021	Sand Dollar Cove	Action,Comedy,Drama,Romance	en	84 mins	NULL
1986	True Stories	Action,Comedy,Musical	en	89 mins	NULL
2012	Alien Uprising	Action,Comedy,Horror,Sci-Fi	en	101 mins	R
2006	Elf Bowling the Movie: The Great North Pole Elf Strike	Action,Animation,Comedy,Family,Fantasy,Sport	en	82 mins	PG
2012	John Carter	Action,Adventure,Fantasy,Sci-Fi	en	132 mins	PG-13
2013	The Hepburn Girls	Action,Drama,Family,Romance	en	94 mins	NULL
2018	MILF	Comedy	fr	101 mins	NULL
2009	Hulk Vs.	Action,Adventure,Animation,Fantasy,Sci-Fi	en	82 mins	PG-13
2012	Winged Seduction: Birds of Paradise	Action,Documentary	en	NULL	NULL
2009	Tinker Bell and the Lost Treasure	Action,Adventure,Animation,Family,Fantasy	en	81 mins	NULL
2019	Beats	Action,Comedy,Crime,Drama,Music	en	101 mins	NULL
2005	Robots	Action,Adventure,Animation,Comedy,Family,Romance,Sci-Fi	en	91 mins	PG
2013	Ugly	Action,Crime,Drama,Mystery,Thriller	hi	128 mins	NULL
1974	Young Frankenstein	Action,Comedy	en	106 mins	NULL
1976	Who Can Kill a Child?	Action,Adventure,Crime,Fantasy,Horror,Mystery,Thriller	es	112 mins	NULL
2020	Little White Snowflake	Action,Comedy,Drama	en	126 mins	NULL
2002	The Good Thief	Action,Crime,Drama,Romance,Thriller	en	109 mins	R
2014	Kingsman: The Secret Service	Action,Adventure,Comedy,Crime,Thriller	en	129 mins	R
1967	Thanos and Despina	Action,Drama	el	120 mins	NULL
2018	Incredible Violence	Action,Comedy,Horror	en	92 mins	NULL
2007	Ghost Cat: Saving the Clouded Leopard	Documentary	en	NULL	NULL
2019	Nine Nights	Action,Drama	en	99 mins	NULL
2017	Sarah Plays a Werewolf	Action,Drama,Fantasy	fr	86 mins	NULL
2021	Oro Arrowhead	Action,Mystery	en	112 mins	NULL
1976	Date with a Kidnapper	Action,Crime,Drama,Romance	en	76 mins	NULL
2002	Bad Company	Action,Comedy,Thriller	en	116 mins	PG-13
1985	Fraternity Vacation	Action,Comedy	en	94 mins	NULL
2020	Unsinkable: Japan's Lost Battleship	Action,Documentary,History,War	en	NULL	NULL
2019	Queen of Spades: Through the Looking Glass	Action,Horror	ru	83 mins	NULL
2012	Seven Psychopaths	Action,Comedy,Crime	en	110 mins	R
2004	Yesterday	Action,Drama	zu	90 mins	R
2015	The Murder Case of Hana & Alice	Action,Animation,Drama	ja	100 mins	NULL
1989	The Weirdo	Drama,Horror	en	91 mins	NULL
2014	The Trip to Italy	Action,Comedy,Drama	en	108 mins	NULL
2019	The Killer Downstairs	Action,Thriller	en	90 mins	NULL
2015	Jupiter Ascending	Action,Adventure,Sci-Fi	en	127 mins	PG-13
1993	The Case-Book of Sherlock Holmes The Last Vampyre	Action,Crime,Drama,Horror,Mystery,Thriller	en	106 mins	NULL
2018	The Pastor and the Pro	Action,Comedy	en	80 mins	NULL
2014	Three Brothers	Action,Drama,Family	en	NULL	NULL
2002	Slice of Life	Action,Comedy	fr	100 mins	NULL
2011	Private Romeo	Action,Drama,Romance	en	94 mins	NULL
2019	Rome in Love	Romance	en	84 mins	NULL
2018	Em Gu00e1i Mua	Action,Drama,Romance	vi	98 mins	NULL
2017	Co gai den tu hom qua	Action,Comedy,Romance	vi	120 mins	NULL
1951	The House on Telegraph Hill	Action,Crime,Drama,Film-Noir,Mystery,Thriller	en	93 mins	NULL
2019	Everybody's Everything	Action,Documentary,Music	en	116 mins	NULL
2013	The Sweeter Side of Life	Action,Comedy,Romance	en	81 mins	NULL
1973	Female Prisoner Scorpion: #701's Grudge Song	Action,Crime,Drama,Thriller	ja	89 mins	NULL
2013	Aashiqui 2	Action,Drama,Music,Musical,Romance	hi	132 mins	NULL
2020	Christmas in Evergreen: Bells Are Ringing	Drama,Romance	en	84 mins	NULL
1977	Cross of Iron	Action,Drama,War	en	132 mins	NULL
2021	The Green Sea	Action,Drama,Mystery	en	104 mins	NULL
2006	Color It Yellow	Action,Comedy,Crime,Drama,History	hi	167 mins	NULL
1948	Walk a Crooked Mile	Action,Crime,Drama,Film-Noir	en	91 mins	NULL
2015	A Frosty Affair	Adventure,Comedy,Romance	en	96 mins	NULL
2015	Bone Tomahawk	Action,Adventure,Drama,Horror,Thriller,Western	en	132 mins	NULL
2021	About Pie	Comedy	en	87 mins	NULL
2022	Hotel Transylvania: Transformania	Action,Adventure,Animation,Comedy,Family,Fantasy,Horror	en	87 mins	PG
2015	Holy Hell	Action,Comedy,Horror	en	89 mins	NULL
2017	Life After Flash	Action,Documentary	en	94 mins	NULL
2007	Black Water	Action,Adventure,Drama,Horror,Thriller	en	90 mins	R
2016	The Last Egg	Comedy,Drama	vi	95 mins	NULL
2021	Gatao: The Last Stray	Action,Crime,Drama,Romance	zh	121 mins	NULL
1994	Star Trek: Generations	Action,Adventure,Mystery,Sci-Fi,Thriller	en	118 mins	PG
1998	Your Friends and Neighbors	Action,Comedy,Drama,Romance	en	100 mins	R
2002	Distant	Action,Drama	tr	110 mins	NULL
2013	Cody the Robosapien	Action,Adventure,Drama,Family,Sci-Fi	en	86 mins	PG
2004	Home on the Range	Action,Adventure,Animation,Comedy,Family,Music,Musical,Western	en	76 mins	PG
2015	Mike Epps: Don't Take It Personal	Comedy	en	NULL	NULL
2017	The Monster Project	Action,Fantasy,Horror,Sci-Fi,Thriller	en	99 mins	NULL
2006	Bandidas	Action,Comedy,Crime,Western	en	93 mins	PG-13
2017	Korpiklaani: Live at Masters of Rock	Music	en	140 mins	NULL
2018	K.G.F: Chapter 1	Action,Crime,Drama,Thriller	kn	156 mins	NULL
2016	Fanny's Journey	Drama,War	fr	94 mins	NULL
1944	Weird Woman	Action,Horror,Mystery	en	63 mins	NULL
2012	Evoscarion: 3.0 You Can (Not) Redo	Action,Animation,Drama,Sci-Fi	ja	96 mins	NULL
1987	Prince of Darkness	Action,Horror	en	102 mins	NULL
1990	No Risk, No Gain: Casino Raiders - The Sequel	Comedy,Crime,Drama	cn	108 mins	NULL
2009	Arms	Action,Drama	pt	NULL	NULL
1943	Heaven Can Wait	Action,Comedy,Drama,Fantasy,Romance	en	112 mins	NULL
2008	Sides	Action,Comedy	en	NULL	NULL
2004	The Clearing	Action,Drama,Mystery,Thriller	en	95 mins	R
2005	Pooh's Heffalump Movie	Adventure,Animation,Comedy,Family,Fantasy,Musical,Mystery	en	68 mins	NULL
2021	South of Heaven	Action,Crime,Drama,Horror,Mystery,Thriller	en	120 mins	NULL
2017	The Christmas Cure	Action,Drama,Romance	en	87 mins	NULL
2014	Age of Tomorrow	Action,Sci-Fi,Thriller	en	90 mins	NULL
2022	One Day, You Will Reach the Sea	Action,Drama	ja	126 mins	NULL
2011	The Flowers of War	Action,Drama,History,Romance,War	zh	146 mins	R
2022	Godspeed	Action,Drama	tr	119 mins	NULL
2016	The Joy of Data	Action,Documentary	en	NULL	NULL
2021	Spiked	Action,Drama	en	NULL	NULL
2018	All You Can Eat	Action,Comedy	en	90 mins	NULL
2012	Red Balls	Action,Comedy	en	84 mins	NULL
2014	[REC] 4: Apocalypse	Action,Adventure,Fantasy,Horror,Mystery,Sci-Fi,Thriller	es	95 mins	R
1932	Tarzan the Ape Man	Action,Adventure,Romance	en	100 mins	NULL
1989	Christmas Vacation	Action,Comedy,Family	en	97 mins	NULL
2019	Born in a Ballroom	Action,Documentary	en	70 mins	NULL
2019	Good Newwz	Action,Comedy,Drama	hi	134 mins	NULL
2019	The Girl with a Bracelet	Action,Crime,Drama	fr	95 mins	NULL
2020	Trump vs the Illuminati	Action,Animation	en	70 mins	NULL
1976	Bruce Lee: The Man, the Myth	Action,Adventure,Biography	zh	90 mins	NULL
2021	The Shuroo Process	Action,Comedy,Drama	en	95 mins	NULL
2011	Blood Runs Cold	Action,Horror	en	77 mins	NULL
2012	LOL	Action,Comedy,Drama,Romance	en	97 mins	PG-13
2021	The Hating Game	Action,Comedy,Romance	en	102 mins	R
2011	Code Blue	Action,Drama,Horror,Mystery,Thriller	en	81 mins	NULL
1971	Hannie Caulder	Action,Crime,Drama,Western	en	85 mins	NULL
1988	The Diamond Trap	Action,Crime,Drama	en	101 mins	NULL
2018	Harry & Meghan: A Royal Romance	Biography,Drama,Romance	en	85 mins	NULL
2012	American Maniacs	Drama,Horror,Thriller	en	86 mins	NULL
2018	Long Lost	Action,Drama,Mystery,Thriller	en	94 mins	NULL
2015	Marcus	Action,Documentary	en	97 mins	NULL
2013	Linsanity	Action,Biography,Documentary,Sport	en	89 mins	PG
2015	The Night Before	Action,Adventure,Comedy,Fantasy	en	101 mins	R
2012	Wadjda	Action,Comedy,Drama	ar	98 mins	PG
2008	Einstein and Eddington	Biography,Drama,History	en	94 mins	NULL
2002	The Twilight Samurai	Drama,History,Romance	ja	129 mins	NULL
2018	Morning Show Mysteries Morning Show Mystery: Mortal Mishaps	Action,Crime,Drama,Mystery	en	NULL	NULL
1935	It's in the Air	Action,Comedy,Sport	en	80 mins	NULL
1955	Princess Yang Kwei-fei	Action,Drama,History,Romance	ja	98 mins	NULL
2017	Jugaad	Action,Documentary	en	NULL	NULL
2021	Friendzone	Action,Comedy,Romance	fr	88 mins	NULL
1998	Batman & Mr. Freeze: SubZero	Action,Animation,Crime,Drama,Sci-Fi,Thriller	en	70 mins	NULL
2014	The Last Saint	Action,Crime,Drama	en	111 mins	NULL
2015	The Timber	Action,Adventure,Drama,Western	en	81 mins	NULL
2014	When Sparks Fly	Comedy,Drama,Romance	en	86 mins	NULL
2011	Island	Drama	en	102 mins	NULL
1982	Island of Blood	Action,Horror,Mystery,Thriller	en	82 mins	NULL
1942	I Married a Witch	Action,Comedy,Fantasy,Romance	en	77 mins	NULL
2016	Barbie: Star Light Adventure	Action,Animation,Family,Sci-Fi	en	79 mins	NULL
2021	Music	Drama,Musical	en	107 mins	PG-13
1955	To Catch a Thief	Action,Comedy,Mystery,Romance,Thriller	en	106 mins	PG
2020	Illegal Woman	Action,Drama	es	119 mins	NULL
1997	Retroactive	Action,Crime,Drama,Sci-Fi,Thriller	en	91 mins	R
1991	Star Trek VI: The Undiscovered Country	Action,Adventure,Sci-Fi,Thriller	en	110 mins	NULL
2018	The Big Fat Lie	Action,Documentary	en	87 mins	NULL
2017	Saem	Action,Comedy,Drama,Romance	ko	107 mins	NULL
2006	Alpha Dog	Action,Biography,Crime,Drama,Thriller	en	122 mins	R
2016	Taego u00c3wa	Documentary	pt	75 mins	NULL
2012	A Fantastic Fear of Everything	Action,Comedy,Horror	en	100 mins	R
1970	Yakuza Masterpiece	Action,Crime	ja	92 mins	NULL
2020	Tread	Action,Documentary	en	89 mins	NULL
1970	Multiple Maniacs	Action,Comedy,Crime,Horror	en	91 mins	NULL
2018	The Toybox	Action,Horror,Thriller	en	95 mins	NULL
2017	MDMA	Action,Crime,Drama	en	98 mins	NULL
2021	The Harder They Fall	Action,Drama,Western	en	139 mins	R
2012	Les Invisibles	Action,Documentary,Romance	fr	115 mins	NULL
1960	You'll Be Going to Hell the Second Time Around!	Crime	ja	90 mins	NULL
2011	Intruders	Action,Adventure,Fantasy,Horror,Thriller	en	100 mins	R
2020	Darkness Waits	Action,Horror	en	100 mins	NULL
1998	9413	Action,Crime,Mystery,Thriller	cn	94 mins	NULL
2012	3 Days of Normal	Comedy	en	82 mins	NULL
2015	Bad Roomies	Action,Comedy	en	93 mins	NULL
2014	The Last Passenger: A True Story	Action,Documentary	es	69 mins	NULL
1946	Blue Skies	Comedy,Musical,Romance	en	99 mins	NULL
2011	Roman Polanski: A Film Memoir	Action,Biography,Documentary	en	90 mins	NULL
2005	The Descent	Action,Adventure,Drama,Horror,Sci-Fi,Thriller	en	99 mins	R
1997	Speed 2: Cruise Control	Action,Adventure,Crime,Romance,Thriller	en	121 mins	PG-13
2005	Lords of Dogtown	Action,Biography,Drama,Sport	en	107 mins	PG-13
1974	The Klansman	Action,Crime,Drama,Thriller	en	112 mins	NULL
2020	Dude Perfect: Backstage Pass	Action,Documentary	en	84 mins	NULL
2017	Rumble	Action	en	NULL	NULL
1955	The Cockleshell Heroes	Action,Drama,War	en	97 mins	NULL
2009	Chicago Overcoat	Action,Adventure,Crime,Drama	en	94 mins	R
2018	Perfect	Action,Horror,Mystery,Sci-Fi,Thriller	en	88 mins	NULL
1988	Working Girl	Action,Comedy,Drama,Romance	en	113 mins	NULL
1995	Redwood Curtain	Action,Drama	en	100 mins	PG
2003	The In-Laws	Action,Comedy,Thriller	en	98 mins	PG-13
1969	Ur ku00e4rlekens spru00e5k	Documentary,Drama	en	102 mins	NULL
2021	Missing and Alone	Action,Thriller	en	86 mins	NULL
1973	No Way Out	Action,Crime,Drama,Thriller	it	100 mins	NULL
2016	All We Had	Action,Drama	en	105 mins	NULL
1999	Mickey Blue Eyes	Comedy,Crime,Romance	en	102 mins	PG-13
2013	All Is Bright	Action,Comedy,Drama	en	107 mins	R
1983	To Be or Not to Be	Action,Comedy,Drama,War	en	107 mins	NULL
1994	Martin Lawrence: You So Crazy	Action,Comedy,Documentary	en	84 mins	NULL
2006	Eternal Summer	Drama,Romance	zh	95 mins	NULL
2001	Da wan	Action,Comedy,Drama	zh	107 mins	PG
2003	The Station Agent	Action,Comedy,Drama	en	89 mins	R
1971	Le Mans	Action,Adventure,Drama,Sport	en	106 mins	NULL
1996	The Frighteners	Action,Comedy,Fantasy,Horror	en	110 mins	R
1991	The Royal Scoundrel	Action,Comedy,Crime	cn	89 mins	NULL
2019	This Time, Maybe	Action,Comedy,Drama	en	90 mins	NULL
2018	Pimp	Action,Crime,Drama,Romance	en	86 mins	NULL
2020	Rent-A-Pal	Action,Horror,Thriller	en	108 mins	NULL
2016	Banking on Bitcoin	Action,Documentary,History,News	en	90 mins	NULL
2017	Suite 313	Action,Horror	en	63 mins	NULL
2010	Westall '66: A Suburban UFO Mystery	Documentary	en	NULL	NULL
1994	Only You	Action,Comedy,Romance	en	109 mins	PG
2013	Love and Honor	Action,Drama,Romance,War	en	100 mins	PG-13
2010	A View of Love	Action,Drama,Mystery,Romance,Thriller	fr	107 mins	NULL
2019	Puppy Swap: Love Unleashed	Action,Family	en	90 mins	PG
2020	Diving with Dolphins	Action,Documentary	en	79 mins	NULL
1962	La Jetu00e9e	Action,Drama,Romance,Sci-Fi	fr	NULL	NULL
2020	Death of a Telemarketer	Action,Comedy,Drama,Thriller	en	88 mins	R
1987	Three Men and a Baby	Action,Comedy,Drama,Family	en	102 mins	NULL
2019	Poms	Action,Comedy,Drama,Sport	en	90 mins	PG-13
2012	Brave	Action,Adventure,Animation,Comedy,Family,Fantasy,History,Thriller	en	93 mins	PG
2019	Crypsis	Action,Horror	en	81 mins	NULL
2020	Tigertail	Action,Drama	en	91 mins	PG
2008	When They Cry	Drama,Horror,Mystery,Thriller	ja	105 mins	NULL
1938	Holiday	Action,Comedy,Romance	en	95 mins	NULL
2016	The Orchard	Action,Comedy,Drama	en	103 mins	NULL
2007	Joy Division	Action,Documentary,Music	en	93 mins	R
2014	Twilight Online	Action,Fantasy,Horror,Thriller	cn	95 mins	NULL
2010	Life Love Lust	Action,Drama	es	NULL	NULL
1977	Rabid	Action,Horror,Sci-Fi	en	91 mins	NULL
2020	1	Action,Drama	en	100 mins	NULL
1975	Race with the Devil	Action,Adventure,Horror,Thriller	en	88 mins	NULL
2019	Missbehavior	Action,Comedy	cn	90 mins	NULL
1972	Made	Action,Drama	en	101 mins	NULL
1995	Desperado	Action,Crime,Thriller,Western	en	104 mins	R
2011	Ice Age: A Mammoth Christmas	Action,Adventure,Animation,Comedy,Family,Fantasy	en	NULL	NULL
2017	Bokeh	Action,Drama,Sci-Fi	en	92 mins	NULL
2021	Phil Wang: Philly Philly Wang Wang	Comedy	en	63 mins	NULL
1979	The Frisco Kid	Action,Adventure,Comedy,Drama,Western	en	119 mins	NULL
2019	Greenlight	Action,Horror,Thriller	en	71 mins	NULL
1970	Elvis: That's the Way It Is	Action,Documentary,Music	en	97 mins	PG
2009	Mulan: Rise of a Warrior	Action,Adventure,Drama,Romance,War	zh	114 mins	NULL
1981	Centrespread	Drama,Sci-Fi	en	82 mins	NULL
2006	The Valet	Action,Comedy,Drama	fr	85 mins	PG-13
1989	Beyond Dream's Door	Drama,Fantasy,Horror	en	80 mins	NULL
2021	Boogie	Action,Drama,Sport	en	90 mins	R
2011	Estamos Juntos	Action,Drama	pt	95 mins	NULL
2003	The Best of Youth	Action,Drama,Romance	it	366 mins	R
2020	Psychos & Socios	Action,Crime	en	83 mins	NULL
2012	What Maisie Knew	Action,Drama	en	99 mins	R
2010	Knucklehead	Action,Comedy,Drama,Family,Sport	en	100 mins	PG-13
2017	Summer Blooms	Action,Drama,Romance	ja	93 mins	NULL
2020	Mary 4 Mayor	Action,Comedy,Family	en	96 mins	NULL
2014	Beyond the Reach	Action,Thriller	en	91 mins	R
1974	Emergency Squad	Action,Crime,Thriller	it	95 mins	NULL
2016	Souvenir	Action,Drama,Music,Romance	fr	90 mins	NULL
2014	The Royal Tailor	Action,Drama	ko	127 mins	NULL
1999	Redball	Thriller	en	91 mins	NULL
2014	Against the Sun	Action,Biography,Drama,War	en	100 mins	PG
2007	The Nines	Action,Drama,Fantasy,Mystery,Sci-Fi,Thriller	en	100 mins	R
2009	Make the Yuletide Gay	Action,Comedy,Romance	en	89 mins	NULL
2021	American Experience The Blinding of Isaac Woodard	Biography,Documentary,History	en	115 mins	NULL
1945	House of Dracula	Action,Fantasy,Horror,Sci-Fi	en	67 mins	NULL
1976	Here and Elsewhere	Action,Documentary,War	fr	NULL	NULL
2018	Mouthpiece	Action,Drama	en	91 mins	NULL
2005	The Cave	Action,Adventure,Horror,Sci-Fi,Thriller	en	97 mins	PG-13
2017	Puppet Master: Axis Termination	Action,Fantasy,Horror,Sci-Fi,War	en	75 mins	NULL
2004	Vanity Fair	Action,Drama	pt	141 mins	PG-13
1997	Hikers	Action,Comedy,Romance	fr	95 mins	NULL
2016	Dear Diary I Died	Thriller	en	86 mins	NULL
2017	The West and the Ruthless	Action,Adventure,Drama,Western	en	90 mins	NULL
2018	Island of the Hungry Ghosts	Action,Documentary	en	98 mins	NULL
2013	The Grand Seduction	Action,Comedy	en	113 mins	PG-13
2011	Catwoman	Action,Adventure,Animation,Crime,Fantasy	en	NULL	NULL
2011	Taylor Swift: Just for You	Action,Documentary	en	NULL	NULL
1962	The Stress of Youth	Action,Drama,Romance	cs	90 mins	NULL
1986	Fire with Fire	Drama,Romance	en	103 mins	NULL
2014	Dead Girls	Action,Horror,Thriller	en	91 mins	NULL
2021	A Fiancu00e9 for Christmas	Action,Comedy,Romance	en	85 mins	NULL
1928	In Old Arizona	Western	en	95 mins	NULL
2017	My Body Is Political	Action,Documentary	pt	71 mins	NULL
2020	You're Bacon Me Crazy	Action,Romance	en	82 mins	NULL
1973	Emperor of the North	Action,Adventure,Drama,Thriller	en	118 mins	NULL
2015	Curious George 3: Back to the Jungle	Action,Adventure,Animation,Comedy,Family,Fantasy,Sci-Fi	en	81 mins	NULL
2017	Set Free Posse: Jesus Freaks, Biker Gang, or Christian Cult?	Documentary	en	118 mins	NULL
2021	The Colonel's Stray Dogs	Action,Documentary	ar	73 mins	NULL
1979	Rock 'n' Roll High School	Action,Comedy,Music	en	93 mins	NULL
2014	Infliction	Action,Horror	en	105 mins	NULL
2017	Ana, My Love	Drama,Romance	ro	125 mins	NULL
2021	Sardar Udham	Action,Biography,Crime,Drama,History	hi	164 mins	NULL
2021	Doors	Action,Sci-Fi	en	84 mins	NULL
2020	Underwater	Action,Adventure,Drama,Horror,Sci-Fi,Thriller	en	95 mins	PG-13
2017	Mary Goes Round	Action,Drama	en	84 mins	NULL
1985	The Mean Season	Action,Crime,Thriller	en	103 mins	NULL
2009	Mega Shark vs. Giant Octopus	Action,Adventure,Comedy,Horror,Sci-Fi,Thriller	en	88 mins	R
1980	Superman II	Action,Adventure,Romance,Sci-Fi	en	127 mins	PG
1988	Dragons Forever	Action,Comedy,Romance	cn	93 mins	NULL
1943	The Desperadoes	Action,Comedy,Drama,Romance,Western	en	87 mins	NULL
2019	Where Does a Body End?	Action,Documentary	en	161 mins	NULL
2020	Goodbye Soviet Union	Action,Comedy,Drama	et	91 mins	NULL
1974	Fun for Three	Action,Drama,Thriller	fr	87 mins	NULL
2014	The Normal Heart	Action,Biography,Drama,History,Romance	en	132 mins	NULL
1975	The Lost Honor of Katharina Blum	Action,Crime,Drama	de	106 mins	NULL
2017	Overdrive	Action,Adventure,Crime,Thriller	en	93 mins	PG-13
2017	Love by Chance	Action,Comedy	en	105 mins	NULL
2020	Takeout	Action,Documentary	en	74 mins	NULL
2016	Kaleidoscope	Action,Thriller	en	100 mins	NULL
2010	What If...	Action,Drama,Family,Fantasy,Romance	en	111 mins	NULL
2000	Shark Attack 2	Action,Adventure,Horror,Sci-Fi,Thriller	en	98 mins	R
2020	NASA & SpaceX: Journey to the Future	Action,Documentary	en	88 mins	NULL
2016	Corpse Party: Book of Shadows	Action,Horror	ja	86 mins	NULL
2015	All American Bikini Car Wash	Action,Comedy	en	95 mins	NULL
2022	Spiderhead	Action,Crime,Drama,Sci-Fi,Thriller	en	106 mins	R
2021	Cherry	Action,Crime,Drama	en	142 mins	R
1986	Avenging Force	Action,Drama,Thriller	en	104 mins	NULL
2015	The Return	Action,Adventure	en	100 mins	NULL
2017	Dead Ant	Adventure,Comedy,Horror,Music	en	87 mins	NULL
2019	Eminence Hill	Action,Western	en	100 mins	NULL
2019	After Midnight	Action,Drama,Horror,Romance,Sci-Fi	en	83 mins	NULL
1996	Michael Collins	Action,Biography,Drama,History,Thriller,War	en	133 mins	R
1963	Mondo Cane 2	Documentary,Horror	it	102 mins	NULL
2021	Wyszynski - zemsta czy przebaczenie	Action,Biography,Drama,War	pl	90 mins	NULL
1997	Amnesia	Action,Thriller	en	88 mins	R
2019	Adolescents	Documentary	fr	135 mins	NULL
2015	Gekiju00f4ban Shingeki no Kyojin Ku00f4hen: Jiyu00fb no tsubasa	Action,Animation,Fantasy,Horror	ja	120 mins	NULL
1992	Year of the Comet	Action,Adventure,Comedy,Romance	en	91 mins	PG-13
2012	Abominable Christmas	Action,Adventure,Animation,Comedy,Family	en	NULL	NULL
1987	84 Charing Cross Road	Action,Biography,Drama,Romance	en	100 mins	NULL
1991	Hot Shots!	Action,Comedy	en	84 mins	NULL
2011	The Killing Game	Action,Crime,Mystery,Thriller	en	90 mins	NULL
2017	Sollers Point	Action,Drama	en	101 mins	R
2017	Bullet Head	Action,Crime,Drama,Thriller	en	93 mins	R
2017	The Trouble with Mistletoe	Comedy,Drama,Romance	en	111 mins	NULL
1956	The Burmese Harp	Action,Drama,Music,War	ja	116 mins	NULL
2019	Rupert, Rupert & Rupert	Action,Comedy,Drama	en	99 mins	NULL
1972	Frenzy	Action,Thriller	en	116 mins	NULL
2006	Click	Action,Comedy,Drama,Fantasy,Romance	en	107 mins	PG-13
2021	Meat Me Halfway	Action,Documentary	en	80 mins	NULL
1965	The Art of Love	Action,Comedy	en	99 mins	NULL
2000	Alone with a Stranger	Action,Drama,Thriller	en	90 mins	R
1993	The Cemetery Club	Action,Comedy	en	107 mins	PG-13
1969	Red Pomegranate	Action,Biography,Drama,History,Music	hy	79 mins	NULL
2011	Agency of Vengeance: Dark Rising	Action,Sci-Fi	en	94 mins	NULL
2021	Things Heard & Seen	Action,Drama,Horror,Mystery,Thriller	en	121 mins	NULL
1949	The Set-Up	Crime,Film-Noir,Sport	en	73 mins	NULL
2020	A Celebration of the Music from Coco	Action,Music,Musical	en	NULL	NULL
2004	The Manchurian Candidate	Action,Drama,Mystery,Sci-Fi,Thriller	en	129 mins	R
1996	Basquiat	Action,Biography,Drama	en	107 mins	R
1945	The Vampire's Ghost	Action,Horror,Romance	en	NULL	NULL
2021	Time Is Up	Action,Drama,Romance	en	108 mins	NULL
1998	Ride	Action,Comedy	en	90 mins	R
2012	The Drudgery Train	Comedy,Drama	ja	112 mins	NULL
1990	Pump Up the Volume	Action,Comedy,Drama,Music	en	102 mins	NULL
2022	Abandoned	Action,Horror	en	102 mins	PG-13
2017	The Good Catholic	Action,Comedy,Drama	en	98 mins	PG-13
2009	Last Train Home	Action,Documentary,Drama	zh	85 mins	NULL
2016	Honey Hunters	Documentary	pl	75 mins	NULL
2009	The Boys Are Back	Action,Drama	en	104 mins	PG-13
2018	Devil's Tree: Rooted Evil	Action,Horror,Thriller	en	74 mins	NULL
2020	Life After Death	Comedy,Drama	sv	81 mins	NULL
2021	Eggs	Action,Animation	en	88 mins	NULL
2019	I Spit on Your Grave: Deja Vu	Action,Horror,Thriller	en	148 mins	NULL
2019	Baumbacher Syndrome	Action,Comedy,Drama	de	85 mins	NULL
2001	The Flamingo Rising	Drama	en	94 mins	NULL
1990	Dances with Wolves	Action,Adventure,Drama,History,Western	en	181 mins	NULL
1989	Sonny Boy	Action,Drama,Thriller	en	96 mins	NULL
2015	The Condemned 2	Action,Thriller	en	90 mins	R
2018	Click & Collect	Comedy	en	NULL	NULL
2017	Anne Clark: I'll Walk out into Tomorrow	Action,Biography,Documentary,Music	en	80 mins	NULL
2016	Rocky Handsome	Action,Crime,Drama,Thriller	hi	119 mins	NULL
2016	Barbie & Her Sisters in a Puppy Chase	Action,Animation	en	75 mins	NULL
2019	Idol	Crime,Thriller	ko	144 mins	NULL
2019	Different Worlds	Romance	en	116 mins	NULL
2015	Landraub	Documentary	de	91 mins	NULL
2022	Pursuit	Action,Drama,Thriller	en	95 mins	R
2017	The Climb	Action,Comedy,Drama,Romance	fr	103 mins	NULL
1965	The Agony and the Ecstasy	Action,Biography,Drama,History	en	138 mins	NULL
1999	Stigmata	Action,Horror	en	103 mins	R
2018	Garage Sale Mysteries Garage Sale Mysteries: Picture a Murder	Action,Crime,Mystery	en	84 mins	NULL
2017	Abracadabra	Action,Comedy,Drama,Fantasy,Romance,Thriller	es	96 mins	R
2006	Pumpkinhead: Ashes to Ashes	Action,Fantasy,Horror	en	91 mins	R
2017	Creep 2	Action,Crime,Drama,Horror,Thriller	en	78 mins	NULL
1988	Hairspray	Action,Comedy,Drama,Family,Music,Musical,Romance	en	92 mins	NULL
2018	A Midnight Kiss	Action,Romance	en	95 mins	NULL
2000	The Convent	Comedy,Fantasy,Horror	en	79 mins	R
2013	Now You See Me	Action,Crime,Mystery,Thriller	en	115 mins	PG-13
1976	Tough Cop	Action,Crime,Drama	it	90 mins	NULL
2013	Social Nightmare	Action,Drama,Horror,Mystery,Thriller	en	91 mins	NULL
2016	Finding Sofia	Action,Comedy,Drama,Romance	en	112 mins	NULL
1971	The Gang That Couldn't Shoot Straight	Action,Comedy,Crime	en	96 mins	PG-13
2010	Oki's Movie	Action,Comedy,Drama	ko	80 mins	NULL
1991	Trancers II	Action,Horror,Sci-Fi	en	88 mins	R
2020	Deported	Action,Comedy	en	90 mins	NULL
1992	The Fencing Master	Action,History,Thriller	es	88 mins	NULL
2021	Monica and Friends: Lessons	Action,Adventure,Comedy,Drama,Family	pt	97 mins	NULL
2017	Where's the Money	Action,Comedy	en	86 mins	R
2016	Life, Animated	Action,Comedy,Documentary,Drama,Family,Fantasy,Romance	en	92 mins	PG
2015	Tamago	Action,Drama,Family	ja	78 mins	NULL
2015	Mystery in Yellowstone	Documentary	en	NULL	NULL
1943	A Lady Takes a Chance	Action,Comedy,Romance,Western	en	86 mins	NULL
1939	The Little Princess	Action,Comedy,Drama,Family,Musical	en	93 mins	NULL
2014	Lone	Action,Mystery	en	NULL	NULL
1971	Shaft	Action,Crime,Thriller	en	100 mins	NULL
2020	Patterns of Evidence: The Red Sea Miracle II	Documentary	en	NULL	NULL
1993	Sunset Grill	Action,Thriller	en	103 mins	R
1953	The Heart of the Matter	Action,Crime,Drama	en	105 mins	NULL
2020	Ballbuster	Action,Comedy,Sport	en	86 mins	NULL
1974	Thunderbolt and Lightfoot	Action,Comedy,Crime,Drama	en	115 mins	NULL
2021	Is Mindfulness Right for You?	Action,Documentary	en	81 mins	NULL
2004	The Bourne Supremacy	Action,Mystery,Thriller	en	108 mins	PG-13
2020	The Postcard Killings	Action,Crime,Drama,Mystery,Thriller	en	104 mins	NULL
2021	Mass	Action,Drama	en	111 mins	PG-13
2020	The Longest War	Action,Documentary	en	90 mins	NULL
2002	Real Women Have Curves	Action,Comedy,Drama	en	90 mins	PG-13
1997	Every 9 Seconds	Action,Drama	es	96 mins	NULL
2005	A Bittersweet Life	Action,Crime,Drama,Thriller	ko	119 mins	NULL
1999	David Cross: The Pride Is Back	Action,Comedy,Documentary	en	NULL	NULL
2012	A Dark Truth	Action,Drama,Thriller	en	106 mins	R
2016	Azhar	Action,Biography,Drama,Sport	hi	130 mins	NULL
2015	The Sea of Trees	Action,Drama,Fantasy,Mystery,Thriller	en	110 mins	PG-13
2000	Fellini racconta: Passeggiate nella memoria	Documentary	it	NULL	NULL
1961	Buddha	Action,Adventure,Biography,Drama	ja	154 mins	NULL
1958	Dunkirk	Action,Drama,History,War	en	135 mins	NULL
2017	The Last Word	Action,Comedy,Drama	en	108 mins	R
2016	Tom Segura: Mostly Stories	Comedy	en	73 mins	NULL
1984	Kids from Shaolin	Action,Comedy	cn	103 mins	NULL
2007	Grindhouse	Action,Horror,Thriller	en	191 mins	R
1976	Yokohama ankokugai mashingan no ryu	Action,Crime,Drama	ja	94 mins	NULL
2021	Yearly Departed	Action,Comedy	en	NULL	NULL
2019	Midnight Family	Action,Crime,Documentary,Drama	es	81 mins	NULL
1953	Tokyo Story	Action,Drama	ja	136 mins	NULL
2019	Silo	Action,Drama,Thriller	en	76 mins	NULL
2007	Descent	Action,Drama,Thriller	en	104 mins	R
1998	Clay Pigeons	Action,Comedy,Crime	en	104 mins	R
2021	Rose	Action,Comedy,Drama	fr	102 mins	NULL
2015	Martian Land	Action,Adventure,Horror,Sci-Fi,Thriller	en	86 mins	NULL
2015	Dark Intentions	Action,Drama,Horror,Thriller	en	89 mins	NULL
2019	Someone Great	Action,Comedy,Romance	en	92 mins	R
2014	For My People/Au Nom Des Miens	Documentary	fr	NULL	NULL
2018	The Big Frozen Gumshoe	Action,Comedy,Mystery	en	78 mins	NULL
2019	Beers of Joy	Action,Documentary	en	120 mins	NULL
2011	Cargo	Drama	en	85 mins	R
1983	Conquest	Action,Adventure,Fantasy,Horror	it	88 mins	NULL
2021	Killer Cheer Mom	Action,Drama,Thriller	en	87 mins	NULL
1935	A Night at the Opera	Action,Comedy,Music,Musical	en	96 mins	NULL
2018	Wally Got Wasted	Action,Comedy	en	99 mins	NULL
2021	Mummy Dearest	Action,Horror,Mystery,Thriller	en	95 mins	NULL
2017	Dead End Demon	Horror	pt	90 mins	NULL
1994	The Chase	Action,Adventure,Comedy,Crime,Romance,Thriller	en	97 mins	PG-13
2020	Gina Brillon: The Floor Is Lava	Action,Comedy	en	60 mins	NULL
2017	Stronger	Action,Biography,Drama	en	119 mins	R
1988	Hollywood Chainsaw Hookers	Action,Comedy,Horror	en	75 mins	NULL
2011	Hindenburg: The Last Flight	Action,Drama,Thriller	de	180 mins	NULL
2014	The Pact II	Action,Horror,Mystery,Thriller	en	96 mins	NULL
2018	Eighth Grade	Action,Comedy,Drama	en	93 mins	R
2020	The Swan Princess: A Royal Wedding	Action,Adventure,Animation,Comedy,Family,Fantasy,Musical,Romance	en	83 mins	NULL
1948	A Foreign Affair	Action,Comedy,Drama,Romance	en	116 mins	NULL
2021	All We Got	Action,Drama	en	101 mins	NULL
2000	The Flintstones in Viva Rock Vegas	Action,Comedy,Family,Romance,Sci-Fi	en	90 mins	PG
2020	Dance of the 41	Action,Biography,Drama,History	es	99 mins	NULL
2021	Liars & Cheats	Action,Comedy	en	NULL	NULL
2022	Big Cat Week The Way of the Cheetah	Documentary	en	NULL	NULL
2010	Carrie Fisher: Wishful Drinking	Action,Comedy,Documentary	en	77 mins	NULL
1929	Piccadilly	Crime,Drama	en	92 mins	NULL
1980	Zombie Holocaust	Action,Adventure,Horror,Mystery,Sci-Fi,Thriller	it	84 mins	NULL
2008	Dark Streets	Action,Drama,Thriller	en	83 mins	R
2013	Gimme Shelter	Action,Drama	en	120 mins	PG-13
2016	Lone Wolves	Action,Sci-Fi	en	87 mins	NULL
2021	Chen mo de nian dai 2	Action,Comedy,Drama	zh	91 mins	NULL
2012	Les Misu00e9rables	Action,Drama,History,Musical,Romance,War	en	158 mins	PG-13
2011	A Crush on You	Action,Comedy,Romance	en	85 mins	NULL
2019	The Dead Ones	Action,Horror	en	73 mins	NULL
1972	Beware! The Blob	Action,Comedy,Horror,Sci-Fi	en	87 mins	NULL
2021	Into Schrodinger's Box	Action,Drama,Thriller	en	89 mins	NULL
1963	The Punch and Judy Man	Action,Comedy	en	96 mins	NULL
2013	B2: Stealth at War	Action,Documentary	en	NULL	NULL
2019	Tezuka's Barbara	Action,Fantasy,Mystery	ja	100 mins	NULL
2016	Edge of Winter	Action,Drama,Thriller	en	89 mins	R
1978	The Chant of Jimmie Blacksmith	Biography,Crime,Drama,History	en	122 mins	NULL
2014	Jarhead 2: Field of Fire	Action,Drama,War	en	103 mins	R
2004	The Rise & Fall of ECW	Action,Documentary,Sport	en	360 mins	NULL
2022	Butlers in Love	Comedy,Romance	en	84 mins	NULL
2019	Color Out of Space	Action,Horror,Mystery,Sci-Fi,Thriller	en	111 mins	NULL
2020	Dear Christmas	Action,Comedy,Drama,Romance	en	86 mins	NULL
2018	Beloved Beast	Action,Horror	en	173 mins	NULL
1983	The Hunger	Action,Drama,Fantasy,Horror,Mystery,Romance,Thriller	en	97 mins	NULL
2020	Leslie Jones: Time Machine	Comedy	en	66 mins	NULL
2000	The Right Temptation	Action,Drama,Romance,Thriller	en	95 mins	R
2021	Boy Meets Boy	Action,Drama,Romance	en	75 mins	NULL
2008	Mamma Mia!	Action,Comedy,Family,Musical,Romance	en	108 mins	PG-13
1965	The Junk Shop	Comedy	cs	NULL	NULL
2022	Jon Stewart: The Kennedy Center Mark Twain Prize for American Humor	Action,Comedy	en	120 mins	NULL
2006	The Dead Girl	Action,Crime,Drama,Mystery,Thriller	en	85 mins	R
2016	The Game of Love	Action,Drama	en	89 mins	NULL
2009	Jim Jefferies: I Swear to God	Comedy	en	NULL	NULL
2018	On the Ropes	Action	en	87 mins	NULL
2022	Frederick Douglass: In Five Speeches	Action,Documentary	en	NULL	NULL
1999	Election	Action,Comedy,Drama,Romance	en	103 mins	R
2020	Mapplethorpe, the Director's Cut	Biography	en	114 mins	NULL
2000	Spanish Judges	Action,Crime,Drama	en	98 mins	R
1988	Powaqqatsi	Action,Documentary,Music	en	99 mins	NULL
2020	Unpregnant	Action,Comedy,Drama	en	103 mins	PG-13
1990	Almost an oscar	Action,Comedy,Drama	en	95 mins	NULL
1988	Death Collector	Action,Sci-Fi,Western	en	92 mins	R
2019	Suzi Q	Action,Documentary	en	98 mins	NULL
2014	Cruel Will	Action,Horror,Thriller	en	96 mins	NULL
2021	Howl	Action,Horror	en	80 mins	NULL
1953	The Sun Shines Bright	Action,Comedy,Drama,Western	en	90 mins	NULL
2021	Nose	Action,Documentary	fr	70 mins	NULL
2014	Balls Out	Action,Comedy,Sport	en	100 mins	R
2018	Cuban Food Stories	Action,Documentary	en	82 mins	NULL
2004	I Heart Huckabees	Action,Comedy	en	107 mins	R
2010	The Alien Girl	Action,Drama	ru	100 mins	R
1952	Folly to Be Wise	Action,Comedy	en	91 mins	NULL
1994	The Lion King	Action,Adventure,Animation,Drama,Family,Musical	en	88 mins	NULL
2010	Crazy on the Outside	Action,Comedy,Crime	en	96 mins	PG-13
1986	Dolls	Action,Fantasy,Horror	en	77 mins	NULL
1997	The Brave	Action,Drama	en	123 mins	NULL
1991	Yes Virginia, There Is a Santa Claus	Action,Drama	en	95 mins	NULL
2007	St. Trinian's	Action,Comedy,Family	en	101 mins	PG-13
1979	Black Jack	Action,Adventure,Comedy	en	105 mins	NULL
2019	Forgotten Christmas	Action,Drama,Family,Fantasy	no	70 mins	NULL
2000	Leprechaun 5: In the Hood	Action,Comedy,Fantasy,Horror,Music	en	90 mins	R
1972	Junior Bonner	Drama,Western	en	100 mins	NULL
1991	Panga	Action,Horror	en	88 mins	NULL
1973	Sweet Scent of Eros	Action,Drama,Romance	ja	75 mins	NULL
1978	F.I.S.T.	Action,Crime,Drama,Thriller	en	145 mins	NULL
1950	Convicted	Action,Crime,Drama,Film-Noir	en	91 mins	NULL
2017	Love and Saucers	Action,Biography,Documentary,Mystery,Romance,Sci-Fi	en	65 mins	NULL
1973	The Killing Kind	Action,Crime,Drama,Horror,Thriller	en	95 mins	NULL
2019	Lost Transmissions	Action,Drama	en	105 mins	NULL
2019	The Giant	Action,Crime,Mystery,Thriller	en	99 mins	NULL
1947	Pirates of Monterey	Adventure,Drama,Romance,Western	en	77 mins	NULL
2012	Jesse Stone: Benefit of the Doubt	Action,Crime,Drama	en	90 mins	NULL
2016	Rock Dog	Action,Adventure,Animation,Comedy,Family,Music	en	90 mins	PG
1963	Tisza-u00f6szi vu00e1zlatok	Documentary	hu	NULL	NULL
1959	Breakout	Action,Drama,War	en	101 mins	NULL
2016	Everything But a Man	Action,Comedy,Drama,Romance	en	110 mins	NULL
2015	Amongst Bees	Action,Comedy,Drama	pt	100 mins	NULL
2015	Christmas Eve	Action,Comedy	en	95 mins	NULL
2022	This Is Joan Collins	Action,Biography,Documentary	en	96 mins	NULL
2020	They Live Inside Us	Action,Horror	en	103 mins	NULL
2016	Grease Live!	Action,Comedy,Musical,Romance	en	140 mins	NULL
2014	Sinbad: The Fifth Voyage	Action,Adventure,Fantasy	en	89 mins	PG-13
2007	The Land Before Time XIII: The Wisdom of Friends	Action,Adventure,Animation,Comedy,Drama,Family,Musical	en	76 mins	NULL
1987	The Outing	Action,Horror	en	87 mins	NULL
2002	Max	Action,Drama,War	en	106 mins	R
1936	Follow the Fleet	Action,Comedy,Musical,Romance	en	110 mins	NULL
2014	Jauja	Action,Adventure,Drama,Fantasy,Western	es	109 mins	NULL
2019	Marriage Story	Action,Comedy,Drama,Romance	en	137 mins	R
2015	Book of Fire	Action,Horror	en	85 mins	NULL
1951	Othello	Action,Drama,History,Romance	en	90 mins	NULL
2015	Tremors 5: Bloodlines	Action,Adventure,Comedy,Horror,Sci-Fi,Thriller	en	99 mins	PG-13
1986	Chronicle of Amorous Accidents	Action,Drama	pl	120 mins	NULL
1953	The Return of Don Camillo	Comedy	fr	115 mins	NULL
1999	The Out-of-Towners	Action,Comedy	en	90 mins	PG-13
1964	Nightmare	Action,Horror,Mystery,Thriller	en	82 mins	NULL
2021	Shark	Action,Comedy,Drama,Music	en	90 mins	NULL
2021	Inside the Circle	Action,Comedy,Drama,Romance	en	93 mins	NULL
2008	Dachimawa Lee	Action,Adventure,Comedy	ko	99 mins	NULL
2020	TFW NO GF	Action,Documentary	en	83 mins	NULL
1996	Breaking the Waves	Action,Drama,Romance	da	159 mins	R
2020	Gunned Down	Action,Drama	de	94 mins	NULL
2018	After the Rain	Action,Drama,Romance,Sport	ja	112 mins	NULL
1992	An Ungentlemanly Act	Action,History,War	en	130 mins	NULL
2014	4 Moons	Action,Drama,Romance	es	110 mins	NULL
2012	The Cold Light of Day	Action,Adventure,Crime,Drama,Mystery,Thriller	en	93 mins	PG-13
2002	The Scorpion King	Action,Adventure,Fantasy,Thriller	en	92 mins	PG-13
2007	Lars and the Real Girl	Action,Comedy,Drama,Romance	en	106 mins	PG-13
2018	Astro	Action,Mystery,Sci-Fi,Thriller	en	105 mins	NULL
2013	9/11: The Heartland Tapes	Action,History	en	NULL	NULL
2011	Bernie	Action,Biography,Comedy,Crime,Drama,Music	en	99 mins	PG-13
2000	Ditto	Action,Drama,Romance,Sci-Fi	ko	110 mins	NULL
2017	An Ordinary Man	Action,Drama,Thriller,War	en	90 mins	R
2007	The Dukes	Action,Comedy,Crime,Drama,Music	en	96 mins	PG-13
2010	Lover's Discourse	Action,Drama,Romance	cn	118 mins	NULL
2020	Warmed-Over Krautrock	Action,Comedy	en	82 mins	NULL
2019	Arctic Apocalypse	Action,Adventure,Drama,Sci-Fi,Thriller	en	88 mins	NULL
2019	Flying Cars	Action,Adventure,Drama	en	88 mins	NULL
2017	Pilgrimage	Action,Adventure,Drama,History,Mystery,Thriller	en	96 mins	NULL
1979	Roller Boogie	Action,Comedy,Drama,Music	en	104 mins	NULL
1991	Zodiac Killers	Action,Crime,Drama,Romance	cn	97 mins	NULL
2021	When I Consume You	Drama,Horror,Mystery	en	92 mins	NULL
2011	Anonymous	Action,Drama,History,Thriller	en	130 mins	PG-13
2001	Dagon	Action,Fantasy,Horror,Mystery	en	98 mins	R
2016	Silence	Action,Adventure,Drama,History	en	161 mins	R
1976	Man on the Roof	Action,Crime,Drama,Thriller	sv	110 mins	NULL
1999	Giving It Up	Action,Comedy,Romance	en	90 mins	R
2020	Primal	Action,Drama	en	85 mins	NULL
2000	The Last Musketeer	Action,Drama,Romance,Thriller	en	120 mins	NULL
2020	Soundtrack to Sixteen	Comedy,Romance	en	85 mins	NULL
2018	Fishbowl California	Action,Comedy,Drama	en	83 mins	NULL
1972	Young Winston	Action,Biography,Drama,War	en	157 mins	NULL
2010	When in Rome	Action,Comedy,Romance	en	91 mins	PG-13
2018	Mad Mom	Action,Comedy,Family	fr	85 mins	NULL
1979	Starting Over	Action,Comedy,Romance	en	105 mins	NULL
2015	Retribution	Action,Adventure,Crime,Drama,Thriller	es	102 mins	NULL
1927	The Ring	Action,Drama,Romance,Sport	en	116 mins	NULL
1994	Milk Money	Action,Comedy,Romance	en	110 mins	PG-13
2012	TimeScapes	Action,Documentary	en	NULL	NULL
2016	Te3n	Action,Drama,Mystery,Thriller	hi	136 mins	NULL
2017	In the Intense Now	Action,Documentary,History	pt	127 mins	NULL
2010	Point Blank	Action,Crime,Drama,Thriller	fr	84 mins	R
2012	I Am ZoZo	Horror,Thriller	en	91 mins	NULL
2018	The Primrose	Action,Comedy	en	78 mins	NULL
2009	Overheard	Action,Crime,Thriller	cn	100 mins	NULL
2022	Elizabeth: A Portrait in Part(s)	Documentary	en	89 mins	NULL
2019	A Place in the Sun	Action,Documentary	fr	76 mins	NULL
2018	Outlaw King	Action,Biography,Drama,History,War	en	121 mins	R
2020	Say Your Prayers	Action,Comedy,Crime,Drama,Thriller	en	84 mins	NULL
2019	Bluebird	Action,Documentary	en	83 mins	NULL
2019	Dead End	Action,Drama	en	95 mins	NULL
2014	Seven Lucky Gods	Action,Drama,Thriller	en	102 mins	NULL
2019	Hell House LLC III: Lake of Fire	Action,Horror,Mystery	en	85 mins	NULL
2017	Midnighters	Action,Crime,Drama,Horror,Mystery,Thriller	en	94 mins	NULL
2017	Phoenix Forgotten	Action,Horror,Mystery,Sci-Fi,Thriller	en	87 mins	PG-13
2020	Curral	Drama	pt	87 mins	NULL
1965	What's New Pussycat	Action,Comedy	en	108 mins	NULL
2019	More Beautiful for Having Been Broken	Action,Drama	en	111 mins	NULL
2016	Starfish	Action,Biography,Drama	en	95 mins	NULL
2012	Wanderlust	Action,Comedy,Romance	en	98 mins	R
2018	Scarborough	Action,Drama,Romance	en	87 mins	NULL
1991	Malina	Action,Drama,Fantasy,Mystery,Romance	de	125 mins	NULL
1944	The Mummy's Curse	Action,Fantasy,Horror,Romance,Thriller	en	60 mins	NULL
2012	Halo 4: Forward Unto Dawn	Action,Adventure,Family,Sci-Fi,Thriller,War	en	100 mins	NULL
1992	Assassins...	Action,Crime,Drama	fr	NULL	NULL
2015	Becoming Zlatan ...	Action,Biography,Documentary,Sport	sv	100 mins	NULL
1987	Quel ragazzo della curva B	Action,Comedy,Sport	it	94 mins	NULL
2018	The Contractor	Action,Crime,Thriller	es	100 mins	NULL
2006	Housewife, 49	Action,Drama,War	en	93 mins	NULL
1957	Tokyo Twilight	Action,Drama	ja	140 mins	NULL
1980	Falling in Love Again	Action,Drama,Romance	en	103 mins	NULL
2018	Oceans: Our Blue Planet	Action,Documentary	en	NULL	NULL
1956	Pillars of the Sky	Action,Western	en	95 mins	NULL
2021	Chloe's Mountain	Family	en	NULL	NULL
2011	25 Hill	Action,Drama,Family,Sport	en	108 mins	NULL
2018	Amazon Hot Box	Action,Drama,Horror	en	82 mins	NULL
1958	The Black Orchid	Action,Drama,Romance	en	94 mins	NULL
1999	Runaway Bride	Action,Comedy,Romance	en	116 mins	PG
2005	Heart of the Beholder	Action,Drama	en	106 mins	R
2018	Daughter of Mine	Action,Drama	it	97 mins	NULL
1984	Flashpoint	Action,Crime,Drama,Mystery,Thriller	en	93 mins	NULL
1967	The Big Shave	Action,Drama,Horror	en	NULL	NULL
1988	Maybe Baby	Comedy	en	88 mins	NULL
1988	Permanent Record	Action,Drama,Music,Romance	en	91 mins	NULL
1995	The Tuskegee Airmen	Action,Drama,History,War	en	106 mins	PG-13
1976	Fellini's Casanova	Action,Biography,Drama,History,Romance	it	155 mins	NULL
2011	Showgirls 2: Penny's from Heaven	Action,Comedy,Drama,Thriller	en	145 mins	NULL
2007	Elite Squad	Action,Crime,Drama,Thriller	pt	115 mins	R
1979	Life of Brian	Action,Comedy	en	94 mins	NULL
1974	New Battles Without Honor and Humanity	Action,Comedy,Crime,Drama	ja	98 mins	NULL
2016	Nina	Action,Biography,Drama,Music	en	90 mins	NULL
2016	Attenborough's Life That Glows	Action,Documentary,Family	en	60 mins	NULL
2019	Mad Mom	Action,Comedy,Thriller	en	90 mins	NULL
2020	House of Quarantine	Action,Thriller	en	81 mins	NULL
2018	Vision	Drama	ja	109 mins	NULL
2019	Enemy Within	Action,Drama,History	en	109 mins	NULL
1942	Bambi	Action,Adventure,Animation,Drama,Family	en	69 mins	NULL
1937	History Is Made at Night	Action,Drama,Romance	en	97 mins	NULL
2022	Anek	Action,Drama,Thriller	hi	147 mins	NULL
2018	Carnivores	Action,Drama,Thriller	fr	98 mins	NULL
1982	La balance	Action,Crime,Drama,Romance,Thriller	fr	103 mins	NULL
2013	Talea	Drama	de	75 mins	NULL
2012	Back to the Jurassic	Action,Adventure,Animation,Comedy,Family	en	86 mins	PG
1998	Bio-Zombie	Comedy,Horror,Sci-Fi	cn	94 mins	NULL
2004	Night Watch	Action,Fantasy,Horror,Thriller	ru	114 mins	R
2010	Shutter Island	Action,Mystery,Thriller	en	138 mins	R
2012	She Wants Me	Action,Comedy	en	85 mins	NULL
2016	Broadcasting Christmas	Comedy,Drama,Family,Romance	en	84 mins	NULL
2014	Ironclad: Battle for Blood	Action,Adventure,Drama,History,War	en	108 mins	NULL
2002	Below	Action,Horror,Mystery,Thriller	en	105 mins	R
1964	Woman in the Dunes	Action,Drama,Thriller	ja	147 mins	NULL
2020	How to Stop a Recurring Dream	Action,Drama	en	82 mins	NULL
2016	It's All Good	Comedy	en	96 mins	NULL
2009	SuperBrother	Action,Adventure,Drama,Fantasy	da	89 mins	NULL
2019	Adventure Harbor	Action,Adventure,Family,Fantasy	en	82 mins	NULL
2020	Lorelei	Action,Drama	en	111 mins	NULL
2020	Valley Girl	Action,Comedy,Musical,Romance	en	102 mins	PG-13
1990	Nightbreed	Action,Crime,Drama,Fantasy,Horror,Mystery,Romance,Thriller	en	102 mins	NULL
2019	Christmas on the Range	Romance,Western	en	90 mins	NULL
2016	Never-Ending Man: Hayao Miyazaki	Action,Biography,Documentary	ja	70 mins	NULL
2020	City Hall	Action,Documentary	en	272 mins	NULL
1975	Death Brings Roses	Action	en	95 mins	NULL
2018	Playing Hard	Action,Drama	pl	88 mins	NULL
2022	Restless	Action,Crime,Thriller	fr	95 mins	NULL
2017	Deviant	Action,Drama	en	88 mins	NULL
1936	Modern Times	Action,Comedy,Drama,Family,Romance,Sci-Fi	en	87 mins	NULL
2018	Nazi Overlord	Action,Adventure,Horror,Mystery,Sci-Fi,Thriller,War	en	91 mins	NULL
2021	Dynasty Warriors	Action,Adventure,Fantasy	cn	119 mins	NULL
2018	Netizens	Action,Documentary	en	96 mins	NULL
1955	The Tender Trap	Action,Comedy,Musical,Romance	en	111 mins	NULL
2020	Spontaneous	Action,Comedy,Drama,Fantasy,Horror,Romance,Sci-Fi	en	101 mins	R
1943	Secrets of a Ballerina	Action,Drama	fr	101 mins	NULL
2018	Snapshots	Action,Drama	en	95 mins	NULL
1998	The Port of Last Resort	Action,Documentary	de	80 mins	NULL
2016	Boeing 777: The Heavy Check	Action,Documentary	en	NULL	NULL
1985	The Oracle	Action,Crime,Horror	en	94 mins	NULL
2011	Rebellion	Action,Drama,History	fr	136 mins	NULL
2011	Buck	Action,Documentary	en	88 mins	PG
2015	One More Time	Action,Comedy,Drama,Music	en	98 mins	NULL
2017	Men in the Arena	Action,Documentary,News,Sport,War	en	85 mins	NULL
2020	A Christmas Break	Action,Drama,Romance	en	90 mins	NULL
2021	Witch Hunt	Action,Fantasy,Horror,Thriller	en	98 mins	R
1974	Girl Boss: Crazy Ball Game	Action,Crime,Drama	ja	87 mins	NULL
1998	Senseless	Action,Comedy,Romance	en	93 mins	R
2021	The Card Counter	Action,Crime,Drama,Thriller	en	111 mins	R
2015	German Angst	Action,Drama,Fantasy,Horror	de	112 mins	NULL
1977	Doosara Aadmi	Drama,Family,Romance	hi	137 mins	NULL
2008	Happy-Go-Lucky	Action,Comedy,Drama,Romance	en	118 mins	R
2018	American Animals	Action,Biography,Crime,Documentary,Drama,History,Thriller	en	116 mins	R
2019	Dora and the Lost City of Gold	Action,Adventure,Animation,Comedy,Family,Fantasy,Mystery	en	102 mins	PG
1978	Piranha	Comedy,Horror,Sci-Fi,Thriller	en	94 mins	NULL
1928	The Farmer's Wife	Action,Comedy,Drama,Romance	en	129 mins	NULL
1992	Forbidden Love: The Unashamed Stories of Lesbian Lives	Documentary	en	85 mins	NULL
1973	Hell Up in Harlem	Action,Crime,Drama,Thriller	en	94 mins	NULL
2006	Unknown	Action,Crime,Drama,Mystery,Thriller	en	85 mins	NULL
2013	The Blue Umbrella	Action,Animation,Drama,Family,Fantasy,Romance	en	NULL	NULL
1974	Dirty O'Neil	Action,Comedy,Crime,Drama,Thriller	en	89 mins	NULL
1971	Sweet Sweetback's Baadasssss Song	Action,Crime,Drama,Thriller	en	97 mins	NULL
2020	Heroes	Documentary,Sport	en	NULL	NULL
1998	Kirikou and the Sorceress	Action,Adventure,Animation,Family,Fantasy	fr	71 mins	NULL
2021	The Tragedy of Macbeth	Drama,History,Mystery,Thriller,War	en	105 mins	NULL
2014	Soul Boys of the Western World	Action,Biography,Documentary,Music	en	110 mins	NULL
2020	The Psychic	Action,Drama,Thriller	en	76 mins	NULL
2012	Renoir	Biography,Drama,History,Romance	fr	111 mins	R
1982	The Slumber Party Massacre	Action,Horror	en	77 mins	NULL
2007	Seven Days	Crime,Drama,Thriller	ko	125 mins	NULL
2009	Creation	Action,Biography,Drama,Romance	en	108 mins	PG-13
1935	The Golden Touch	Action,Animation,Comedy,Family,Musical	en	NULL	NULL
2021	Julia	Action,Biography,Documentary	en	95 mins	PG-13
2018	The Antique: Secret of the Old Books	Action,Drama,Mystery	ja	121 mins	NULL
1987	Ernest Goes to Camp	Action,Comedy,Family	en	92 mins	NULL
2014	The Riot Club	Action,Drama,Thriller	en	107 mins	R
1992	Tom and Jerry: The Movie	Action,Adventure,Animation,Comedy,Family,Musical	en	84 mins	NULL
2018	Murderous Trance	Action,Drama,Mystery,Thriller	en	102 mins	NULL
2010	Skyline	Action,Sci-Fi,Thriller	en	92 mins	PG-13
2019	Torpedo	Action,Adventure,History,War	nl	102 mins	NULL
2016	Eva Hesse	Biography,Documentary,History	en	108 mins	NULL
2019	Toshimaen: Haunted Park	Action,Horror	ja	81 mins	NULL
2006	The Benchwarmers	Action,Comedy,Family,Romance,Sport	en	85 mins	PG-13
1981	You Are Not I	Action,Drama	en	NULL	NULL
2021	Good Thief	Action,Drama,Romance	en	96 mins	NULL
2000	Shadow of the Vampire	Action,Drama,Horror	en	92 mins	R
2017	The Farthest	Action,Documentary,History	en	121 mins	NULL
1989	Do the Right Thing	Action,Comedy,Drama	en	120 mins	NULL
2018	Await Further Instructions	Action,Horror,Mystery,Sci-Fi	en	91 mins	NULL
1936	Intermezzo	Action,Drama,Romance	de	93 mins	NULL
2021	The Girl Who Killed Her Parents	Action,Crime,Drama,Thriller	pt	85 mins	NULL
2005	Red Carpet	Action,Comedy	pt	100 mins	NULL
2016	Ru00f6lli and the Secret of All Time	Action,Adventure,Comedy,Family	fi	80 mins	NULL
2018	Ouija House	Action,Horror,Thriller	en	95 mins	NULL
1974	Da di long zhong	Action,Adventure,Drama	zh	90 mins	NULL
2004	Godzilla: Final Wars	Action,Adventure,Fantasy,Sci-Fi,Thriller	ja	125 mins	PG-13
2012	Guns, Girls and Gambling	Action,Crime,Thriller,Western	en	90 mins	NULL
1975	The Cage	Action,Crime,Drama,Thriller	fr	100 mins	NULL
2017	November	Action,Drama,Fantasy,Horror,Romance	et	115 mins	NULL
2017	Mercy Christmas	Action,Comedy,Horror	en	83 mins	NULL
2005	London	Action,Drama,Romance	en	92 mins	R
2015	Black	Action,Crime,Drama,Romance	fr	95 mins	NULL
2011	Septien	Action,Comedy,Drama,Mystery	en	80 mins	NULL
1980	La insurrecciu00f3n	Action,Drama	es	101 mins	NULL
2012	About Cherry	Action,Drama	en	98 mins	R
1986	Whoops Apocalypse	Comedy	en	93 mins	NULL
1932	Not Against the Flesh	Action,Fantasy,Horror	de	75 mins	NULL
2019	Iberion	Action,Comedy,Mystery	es	73 mins	NULL
2017	The Institute	Action,Thriller	en	98 mins	R
2013	Unlisted Owner	Action,Drama,Horror,Thriller	en	83 mins	NULL
2020	Fame-ish	Action,Comedy	en	94 mins	NULL
2001	See Spot Run	Action,Comedy,Crime,Family	en	94 mins	PG
2005	The Devil and Daniel Johnston	Action,Biography,Documentary,Music	en	110 mins	PG-13
2017	The Breadwinner	Action,Animation,Drama,Family,War	en	94 mins	NULL
1952	oscars One Five	Action,Drama,War	en	98 mins	NULL
1997	Color of Justice	Action,Drama	en	95 mins	NULL
1978	The Buddy Holly Story	Action,Biography,Drama,Music	en	114 mins	NULL
2013	Ip Man: The Final Fight	Action,Biography,Drama	cn	100 mins	PG-13
2019	The Great Hack	Action,Biography,Documentary,History	en	114 mins	NULL
1997	Volcano: Fire on the Mountain	Action,Drama	en	96 mins	PG
2017	Temple	Action,Adventure,Drama,Horror	en	78 mins	NULL
1998	Les Misu00e9rables	Action,Crime,Drama,History,Romance	en	134 mins	PG-13
2016	Marie Curie: The Courage of Knowledge	Action,Biography,Drama,Romance	fr	100 mins	NULL
2018	Down a Dark Hall	Action,Drama,Fantasy,Horror,Mystery,Thriller	en	96 mins	PG-13
2019	Gully	Action,Crime,Drama	en	84 mins	R
2017	Look to the Sky	Action,Documentary	en	72 mins	NULL
2021	Ferry	Action,Crime,Drama,Thriller	nl	106 mins	NULL
2019	Here Awhile	Action,Drama	en	85 mins	NULL
1964	The Last Gun	Western	it	98 mins	NULL
2004	Going to the Mat	Action,Drama,Family,Sport	en	NULL	NULL
2012	Gone	Action,Adventure,Drama,Horror,Mystery,Thriller	en	94 mins	PG-13
2021	Twisted Little Lies	Action,Crime,Drama,Thriller	en	84 mins	NULL
2011	Salmon Fishing in the Yemen	Action,Comedy,Drama,Romance	en	107 mins	PG-13
2014	99 Homes	Action,Drama	en	112 mins	R
1995	The Day of the Beast	Action,Adventure,Comedy,Crime,Drama,Fantasy,Horror,Mystery,Sci-Fi,Thriller	es	103 mins	R
2013	Witching and Bitching	Action,Adventure,Comedy,Fantasy,Horror,Romance,Thriller	es	112 mins	NULL
2021	The Black Phone	Horror,Thriller	en	103 mins	R
2016	Thomas & Friends: The Great Race	Action,Adventure,Animation,Comedy,Family,Fantasy,Musical	en	61 mins	NULL
2020	Crestone	Action,Documentary	en	73 mins	NULL
2000	Submerged	Action	en	95 mins	R
2016	Garage Sale Mysteries Garage Sale Mystery: The Novel Murders	Action,Crime,Mystery	en	84 mins	NULL
2018	The Texture of Falling	Action,Drama	en	75 mins	NULL
1961	One Hundred and One Dalmatians	Action,Adventure,Animation,Comedy,Family	en	79 mins	NULL
2013	Stay	Action,Drama	en	99 mins	NULL
2019	Peanuts in Space: Secrets of Apollo 10	Animation,Family,History	en	NULL	NULL
1988	She's Having a Baby	Action,Comedy,Drama,Romance	en	106 mins	NULL
2011	In the Name of the King: Two Worlds	Action,Adventure,Drama,Fantasy,Thriller	en	96 mins	R
1988	On the Silver Globe	Action,Adventure,Drama,Fantasy,Sci-Fi	NULL	166 mins	NULL
2018	The Image Book	Action,Documentary,Drama,Horror	fr	88 mins	NULL
2003	Flesh for the Beast	Action,Fantasy,Horror	en	89 mins	R
2020	Fatal Journey	Action	zh	90 mins	NULL
2017	Armed Response	Action,Horror,Thriller	en	93 mins	R
2019	Already Gone	Action,Drama	en	92 mins	NULL
2014	Kahlil Gibran's The Prophet	Action,Animation,Drama	en	85 mins	PG
2012	The First Time	Action,Comedy,Drama,Romance	en	95 mins	PG-13
1990	Memphis Belle	Action,Drama,History,War	en	107 mins	NULL
1989	Lords of the Deep	Sci-Fi,Thriller	en	77 mins	NULL
1929	The Great Gabbo	Drama,Musical,Romance	en	92 mins	NULL
1960	Bells Are Ringing	Action,Comedy,Musical,Romance	en	126 mins	NULL
1965	Mirage	Action,Mystery,Thriller	en	108 mins	NULL
2013	Night Moves	Action,Drama,Thriller	en	112 mins	R
1984	Falling in Love	Action,Drama,Romance	en	106 mins	NULL
2018	Draug	Action,Adventure,Fantasy,History,Horror	sv	87 mins	NULL
2010	How to Train Your Dragon	Action,Adventure,Animation,Comedy,Family,Fantasy,Horror	en	98 mins	PG
1958	Orders to Kill	Drama,Thriller,War	en	112 mins	NULL
2018	Roads in February	Action,Drama	fr	84 mins	NULL
1988	It's a Mad, Mad, Mad World II	Action,Comedy	cn	97 mins	NULL
1996	Cosi	Action,Comedy,Drama,Music,Romance	en	100 mins	R
1973	Lady Ice	Action,Crime,Drama,Thriller	en	93 mins	NULL
1994	Iron Will	Adventure,Family	en	108 mins	PG
1959	The Big Boss	Action,Crime,Drama	ja	101 mins	NULL
1979	Radio On	Action,Drama,Music,Mystery	en	104 mins	NULL
2007	The Bourne Ultimatum	Action,Adventure,Mystery,Thriller	en	115 mins	PG-13
1974	Madhouse	Action,Crime,Horror,Mystery,Thriller	en	92 mins	NULL
2022	Wolf Hound	Action,Adventure,War	zh	130 mins	R
2020	Original Gangster	Action,Crime	en	110 mins	NULL
1978	Blackout	Action,Thriller	en	92 mins	NULL
2015	A Walk in the Woods	Action,Adventure,Biography,Comedy,Drama	en	104 mins	R
1958	Bell Book and Candle	Action,Comedy,Fantasy,Romance	en	106 mins	NULL
2014	Future Shock! The Story of 2000AD	Action,Documentary	en	110 mins	NULL
2015	Return to Oldfield: Making from a Whisper to a Scream	Action,Documentary	en	118 mins	NULL
1999	Clouds of May	Action,Comedy,Drama	tr	130 mins	NULL
2007	Ex Drummer	Action,Comedy,Crime,Drama,Horror,Music,Thriller	nl	104 mins	NULL
2022	V for Vengeance	Action,Adventure,Horror,Thriller	en	86 mins	R
1998	Mel	Family,Fantasy	en	97 mins	NULL
2009	Secret	Action,Thriller	ko	105 mins	NULL
2008	King Lear	Drama	en	156 mins	NULL
2012	The Twilight Saga: Breaking Dawn - Part 2	Action,Adventure,Drama,Fantasy,Romance	en	115 mins	PG-13
1949	A Letter to Three Wives	Action,Comedy,Drama,Romance	en	103 mins	NULL
2018	Odds Are	Action,Horror,Mystery,Thriller	en	102 mins	NULL
2017	Smoke Screen	Action,Thriller	en	86 mins	NULL
1969	The Passion of Anna	Action,Drama	sv	101 mins	NULL
2020	Ask No Questions	Action,Documentary	en	NULL	NULL
2014	Reach Me	Action,Comedy,Crime,Drama	en	95 mins	PG-13
2018	The Golden Voices	Action,Family	en	NULL	NULL
2020	Bloodthirsty	Action,Horror,Thriller	en	84 mins	NULL
2002	White Oleander	Action,Drama	en	109 mins	PG-13
2011	Atlas Shrugged: Part I	Action,Drama,Mystery,Sci-Fi	en	97 mins	PG-13
1963	Cleopatra	Action,Biography,Drama,History,Romance	en	192 mins	NULL
1943	Hangmen Also Die!	Action,Drama,Film-Noir,Thriller,War	en	134 mins	NULL
2016	Gringo: The Dangerous Life of John McAfee	Action,Crime,Documentary	en	97 mins	NULL
2022	Backpackers	Action,Comedy,Romance	es	96 mins	NULL
1972	Bless This House	Action,Comedy,Romance	en	87 mins	NULL
2006	Hatchet	Action,Comedy,Horror,Thriller	en	93 mins	R
2021	Monster Pets	Action,Animation,Comedy,Family,Fantasy	en	NULL	NULL
1985	Explorers	Action,Adventure,Comedy,Family,Romance,Sci-Fi	en	109 mins	PG
2017	Valley of Bones	Action,Crime,Thriller,Western	en	90 mins	R
2005	Roll Bounce	Action,Comedy,Drama,Music,Romance	en	112 mins	PG-13
2014	Dear Viola	Action,Drama,Romance	en	87 mins	NULL
2018	Egg	Action,Comedy	en	90 mins	NULL
2016	Inside	Horror,Thriller	en	89 mins	NULL
1972	Wedding in White	Action,Drama	en	103 mins	NULL
2015	I Am Dragon	Action,Adventure,Fantasy,Romance	ru	110 mins	NULL
2014	Hirschen	Action,Comedy	de	125 mins	NULL
2002	Auto Focus	Action,Biography,Crime,Drama	en	105 mins	R
1936	Wedding Present	Action,Comedy,Romance	en	81 mins	NULL
2006	Classic Albums Pink Floyd: Dark Side of the Moon	Action,Documentary,Music	en	84 mins	NULL
1996	The Sunchaser	Crime,Drama	en	122 mins	R
1998	Goodness Gracious Me Episode #1.3	Action,Animation,Comedy,Sci-Fi	NULL	NULL	NULL
2018	A Clear Felling	Action,Crime,Thriller	de	97 mins	NULL
2022	Home Team	Action,Comedy,Sport	en	95 mins	PG
2019	A Wreck Without You	Action,Comedy,Drama,Mystery	en	70 mins	NULL
1940	Grand Ole Opry	Action,Comedy,Music	en	67 mins	NULL
2021	Soul Santa	Action,Comedy,Romance	en	NULL	NULL
2009	Harry Brown	Action,Crime,Drama,Thriller	en	103 mins	R
1984	Where the Green Ants Dream	Action,Drama	de	100 mins	NULL
1945	The Frozen Ghost	Action,Horror,Mystery,Romance	en	61 mins	NULL
2020	Deathwell	Action,Crime,Drama,Sci-Fi,Thriller	en	79 mins	NULL
2018	Peppermint	Action,Crime,Drama,Thriller	en	101 mins	R
2016	Tempestad	Action,Documentary	es	105 mins	NULL
2009	Jo Koy: Don't Make Him Angry	Action,Comedy	en	NULL	NULL
1972	Fritz the Cat	Action,Animation,Comedy,Drama	en	78 mins	NULL
1954	Three Cases of Murder	Action,Crime,Drama,Fantasy,Horror,Mystery	en	99 mins	NULL
2012	Born Wild	Action,Drama	en	105 mins	R
2012	Maladies	Action,Drama	en	96 mins	NULL
2021	The Spore	Action,Horror	en	91 mins	R
1985	Massacre in Dinosaur Valley	Action,Adventure,Horror	it	88 mins	NULL
2021	Stallone: Frank, That Is	Action,Biography,Documentary	en	73 mins	NULL
2014	Tom Sawyer & Huckleberry Finn	Action,Adventure,Drama,Family	en	90 mins	PG-13
2016	Streamer	Action,Drama	en	78 mins	NULL
2010	Horse Crazy 2: The Legend of Grizzly Mountain	Action,Family	en	90 mins	NULL
1994	Farinelli	Action,Biography,Drama,Music	fr	111 mins	R
2018	A Leaf of Faith	Documentary	en	86 mins	NULL
2017	A Life in Waves	Action,Biography,Documentary,Musical	en	74 mins	NULL
2019	Getting Toasted	Action,Comedy,Drama	en	85 mins	NULL
1986	52 Pick-Up	Action,Crime,Drama,Thriller	en	110 mins	NULL
2017	The Brink	Action,Adventure,Crime,Thriller	cn	101 mins	NULL
2011	The Lovers' Guide: Igniting Desire	Action,Documentary	en	66 mins	NULL
1966	The Poppy Is Also a Flower	Action,Crime,Drama,Mystery	en	100 mins	NULL
2020	Princess Cut	Action,Crime	en	NULL	NULL
2021	Danny Boy	Action,Drama	en	84 mins	NULL
2020	Hold Me Back	Action,Comedy,Drama,Romance	ja	133 mins	NULL
2017	Wandering Hearts	Action,Comedy,Romance	en	90 mins	NULL
2019	Little White Lies 2	Action,Comedy,Drama,Family,Romance	fr	134 mins	NULL
1986	Flodder	Action,Comedy,Family	nl	111 mins	NULL
2005	Tracey Ullman: Live and Exposed	Action,Comedy,Documentary,Musical	en	75 mins	NULL
1994	Speed	Action,Adventure,Crime,Thriller	en	116 mins	NULL
2020	Relaxing Old Footage with Joe Pera	Action,Comedy	en	NULL	NULL
2008	Rambo	Action,Adventure,Thriller,War	en	92 mins	R
2011	Lucky	Action,Comedy	en	103 mins	R
1965	Vapors	Action,Drama	en	NULL	NULL
2020	Tanner Hall Forever	Action,Documentary,Sport	en	64 mins	NULL
2010	Into Our Own Hands	Action,Documentary,Musical	fr	88 mins	NULL
2022	Clowning	Action,Crime,Romance	en	96 mins	NULL
1989	Farewell to the King	Action,Adventure,Drama,War	en	117 mins	NULL
2020	The Trip to Greece	Action,Comedy,Drama	en	103 mins	NULL
2014	Courting Chaos	Comedy	en	125 mins	NULL
2018	Lizzie	Action,Biography,Crime,Drama,Horror,Mystery,Thriller	en	105 mins	R
1962	Dr. No	Action,Adventure,Thriller	en	110 mins	NULL
2017	The Sixth Time	Action,Comedy,Drama,Romance	fi	109 mins	NULL
1994	Drop Zone	Action,Adventure,Thriller	en	101 mins	R
2017	What Happened to Monday	Action,Adventure,Crime,Drama,Fantasy,Mystery,Sci-Fi,Thriller	en	123 mins	NULL
1961	Sword of the Conqueror	Adventure,History,War	it	96 mins	NULL
1953	It Came from Outer Space	Action,Horror,Sci-Fi	en	81 mins	NULL
1985	Vagabond	Action,Drama,Romance	fr	105 mins	NULL
2010	The John Cena Experience	Action,Documentary,Sport	en	117 mins	NULL
1964	Fail Safe	Action,Drama,Thriller,War	en	112 mins	NULL
2022	The Hater	Action,Comedy	en	107 mins	NULL
2015	Impact Earth	Action	en	94 mins	NULL
2014	Set Me Free	Action,Drama	ko	108 mins	NULL
1969	Burn!	Action,Drama,War	it	132 mins	R
