1927	The Ring	Carl Brisson	1893	1958	'One-Round' Jack Sander
1927	The Ring	Forrester Harvey	1884	1945	The Promoter
1927	The Ring	Gordon Harker	1885	1967	Jack's Trainer
1927	The Ring	Harry Terry	1883	1968	The Showman
1927	The Ring	Ian Hunter	1900	1975	Bob Corby
1928	In Old Arizona	Edmund Lowe	1890	1971	Sergeant Mickey Dunn
1928	In Old Arizona	Henry Armetta	1888	1945	Barber
1928	In Old Arizona	Warner Baxter	1889	1951	The Cisco Kid
1928	The Farmer's Wife	Gibb McLaughlin	1884	1961	Henry Coaker
1928	The Farmer's Wife	Gordon Harker	1885	1967	Churdles Ash - Sweetland's His Handyman
1928	The Farmer's Wife	Jameson Thomas	1888	1939	Farmer Sweetland
1929	Figaro	Ernst Van Duren	\N	1930	Figaro
1929	Figaro	Léon Belières	1880	1952	Bartholo
1929	Piccadilly	Cyril Ritchard	1897	1977	Victor Smiles
1929	Piccadilly	Gordon Begg	1868	1954	Coroner
1929	Piccadilly	Jameson Thomas	1888	1939	Valentine Wilmot
1929	Piccadilly	King Hou Chang	1901	\N	Jim
1929	The Great Gabbo	Donald Douglas	1905	1945	Frank
1929	The Great Gabbo	Erich von Stroheim	1885	1957	The Great Gabbo
1932	Not Against the Flesh	Julian West	1904	1981	Allan Grey
1932	Not Against the Flesh	Maurice Schutz	1866	1955	Der Schlossherr (The Lord of the Manor)
1932	Tarzan the Ape Man	C. Aubrey Smith	1863	1948	James Parker
1932	Tarzan the Ape Man	Johnny Weissmuller	1904	1984	Tarzan
1932	Tarzan the Ape Man	Neil Hamilton	1899	1984	Harry Holt
1951	Othello	Micheál MacLiammóir	1899	1978	Iago
1951	Othello	Orson Welles	1915	1985	Othello
1951	Othello	Robert Coote	1909	1982	Roderigo
1952	oscars One Five	Andrew Osborn	1910	1985	Squadron Leader Bill Ponsford
1952	oscars One Five	Cyril Raymond	1899	1973	Squadron Leader Barry Clinton
1952	oscars One Five	Jack Hawkins	1910	1973	Group Capt. 'Tiger' Small
1952	oscars One Five	Michael Denison	1915	1998	Squadron Leader Peter Moon
1953	It Came from Outer Space	Charles Drake	1917	1994	Sheriff Matt Warren
1953	It Came from Outer Space	Joe Sawyer	1906	1982	Frank Daylon
1953	It Came from Outer Space	Richard Carlson	1912	1977	John Putnam
1953	The Heart of the Matter	Denholm Elliott	1922	1992	Wilson
1953	The Heart of the Matter	Trevor Howard	1913	1988	Harry Scobie
1953	The Sun Shines Bright	Charles Winninger	1884	1969	Judge William Pittman Priest
1953	The Sun Shines Bright	John Russell	1921	1991	Ashby Corwin
1953	The Sun Shines Bright	Stepin Fetchit	1902	1985	Jeff Poindexter
1953	Tokyo Story	Chishû Ryû	1904	1993	Shukichi Hirayama
1953	Tokyo Story	Sô Yamamura	1910	2000	Koichi Hirayama
1954	Three Cases of Murder	Emrys Jones	1915	1972	"George (segment \""You Killed Elizabeth\"")"
1954	Three Cases of Murder	John Gregson	1919	1975	"Edgar (segment \""You Killed Elizabeth\"")"
1954	Three Cases of Murder	Orson Welles	1915	1985	"Lord Mountdrago (\""Lord Mountdrago\"" segment)"
1955	Princess Yang Kwei-fei	Eitarô Shindô	1899	1977	Kao Li-hsi
1955	Princess Yang Kwei-fei	Masayuki Mori	1911	1973	Emperor Xuan Zong
1955	Princess Yang Kwei-fei	Sô Yamamura	1910	2000	An Lushan
1955	The Cockleshell Heroes	Christopher Lee	1922	2015	Lieutenant-Commander Greaves
1955	The Cockleshell Heroes	José Ferrer	1912	1992	Major Geoffrey Stringer
1955	The Cockleshell Heroes	Trevor Howard	1913	1988	Captain Hugh Thompson
1955	The Tender Trap	David Wayne	1914	1995	Joe McCall
1955	The Tender Trap	Frank Sinatra	1915	1998	Charlie Y. Reader
1955	To Catch a Thief	Cary Grant	1904	1986	John Robie
1955	To Catch a Thief	John Williams	1903	1983	H.H. Hughson
1956	Lust for Life	Anthony Quinn	1915	2001	Paul Gauguin
1956	Lust for Life	James Donald	1917	1993	Theo Van Gogh
1956	Lust for Life	Kirk Douglas	1916	2020	Vincent Van Gogh
1956	Pillars of the Sky	Jeff Chandler	1918	1961	First Sgt. Emmett Bell
1956	Pillars of the Sky	Keith Andes	1920	2005	Capt. Tom Gaxton
1956	Pillars of the Sky	Ward Bond	1903	1960	Dr. Joseph Holden
1956	The Burmese Harp	Jun Hamamura	1906	1995	Ito
1956	The Burmese Harp	Rentarô Mikuni	1923	2013	Captain Inouye
1956	The Burmese Harp	Shôji Yasui	1928	2014	Mizushima
1956	The Burmese Harp	Tatsuya Mihashi	1923	2004	Defense Commander
1974	Da di long zhong	Patrick Kelly	\N	\N	\N
1974	Da di long zhong	Su Wei	1927	1999	(Guest star)
1974	Da di long zhong	Yi Chang	1945	\N	\N
1974	Girl Boss: Crazy Ball Game	Noboru Shiraishi	\N	\N	Gorô Saijô - Thief
1974	Girl Boss: Crazy Ball Game	Nobuo Kaneko	1923	1995	Einosuke Oki
1974	Girl Boss: Crazy Ball Game	Tôru Abe	1917	1993	Sôtarô Tachibana - Yakuza Boss
1975	Death Brings Roses	Alfonso Landa	\N	\N	Chuck Watts
1975	Death Brings Roses	Broderick Crawford	1911	1986	Bartender
1975	Death Brings Roses	Henny Youngman	1906	1998	\N
1975	Death Brings Roses	Jeff Chamberlain	1954	2020	Al
1975	Death Brings Roses	Ronald Tanet	\N	\N	\N
1975	Death Brings Roses	Scott Brady	1924	1985	Don Vincenzo
2002	Distant	Mehmet Emin Toprak	1974	2002	Yusuf
2002	Distant	Muzaffer Özdemir	\N	\N	Mahmut
2002	The Twilight Samurai	Hiroyuki Sanada	1960	\N	Seibei Iguchi
2002	The Twilight Samurai	Nenji Kobayashi	1943	\N	Choubei Kusaka
2002	The Twilight Samurai	Ren Ôsugi	1951	2018	Toyotaro Koda
2003	Flesh for the Beast	Clark Beasley Jr.	\N	\N	Ted Sturgeon
2003	Flesh for the Beast	Jim Coope	1952	2013	Jack Ketchum
2003	Flesh for the Beast	Sergio Jones	\N	\N	John Stoker
2003	The Best of Youth	Alessio Boni	1966	\N	Matteo Carati
2003	The Best of Youth	Luigi Lo Cascio	1967	\N	Nicola Carati
2003	The Station Agent	Bobby Cannavale	1970	\N	Joe Oramas
2014	Buzzard	Jason Roth	\N	\N	Kubiak
2003	The Station Agent	Paul Benjamin	1938	2019	Henry Styles
2003	The Station Agent	Peter Dinklage	1969	\N	Finbar McBride
2004	Confessions of a Teenage Drama Queen	Adam Garcia	1973	\N	Stu
2004	Godzilla: Final Wars	Don Frye	1965	\N	Douglas Gordon
2004	Godzilla: Final Wars	Masahiro Matsuoka	1977	\N	Earth Defense Force Soldier Shin'ichi Ôzaki
2004	Going to the Mat	Andrew Lawrence	1988	\N	Jace Newfield
2004	Going to the Mat	Khleo Thomas	1989	\N	Vincent 'Fly' Shue
2004	Going to the Mat	Wayne Brady	1972	\N	Mason Wyatt
2004	I Heart Huckabees	Jason Schwartzman	1980	\N	Albert Markovski
2004	I Heart Huckabees	Jude Law	1972	\N	Brad Stand
2004	I Heart Huckabees	Mark Wahlberg	1971	\N	Tommy Corn
2004	Intimate Strangers	Fabrice Luchini	1951	\N	William
2004	Intimate Strangers	Michel Duchaussoy	1938	2012	Dr. Monnier
2004	Night Watch	Konstantin Khabenskiy	1972	\N	Anton
2004	Night Watch	Valeriy Zolotukhin	1941	2013	Otets Kosti
2004	Night Watch	Vladimir Menshov	1939	2021	Geser
2004	The Bourne Supremacy	Brian Cox	1946	\N	Ward Abbott
2004	The Bourne Supremacy	Matt Damon	1970	\N	Jason Bourne
2004	The Clearing	Alessandro Nivola	1972	\N	Tim Hayes
2004	The Clearing	Robert Redford	1936	\N	Wayne Hayes
2004	The Clearing	Willem Dafoe	1955	\N	Arnold Mack
2004	The Manchurian Candidate	Denzel Washington	1954	\N	Ben Marco
2004	The Manchurian Candidate	Liev Schreiber	1967	\N	Raymond Shaw
2004	Yesterday	Kenneth Khambula	\N	\N	John Khumalo
2005	A Bittersweet Life	Hwang Jung-min	1970	\N	President Baek
2005	A Bittersweet Life	Lee Byung-hun	1970	\N	Sun-woo
2005	A Bittersweet Life	Yeong-cheol Kim	1953	\N	Mr. Kang
2005	Heart of the Beholder	Conrad Bachmann	1932	\N	Rudy
2005	London	Chris Evans	1981	\N	Syd
2005	London	Jason Statham	1967	\N	Bateman
2005	Lords of Dogtown	Emile Hirsch	1985	\N	Jay
2005	Lords of Dogtown	Heath Ledger	1979	2008	Skip
2005	Lords of Dogtown	Johnny Knoxville	1971	\N	Topper Burks
2005	Lords of Dogtown	Victor Rasuk	1984	\N	Tony
2005	Pooh's Heffalump Movie	Jim Cummings	1952	\N	"Winnie the Pooh"",""Tigger"
2005	Pooh's Heffalump Movie	John Fiedler	1925	2005	Piglet
2005	Pooh's Heffalump Movie	Kyle Stanger	1997	\N	Lumpy
2005	Red Carpet	Jackson Antunes	1953	\N	Gabriel
2005	Red Carpet	Paulo Betti	1952	\N	Aparício
2005	Robots	Ewan McGregor	1971	\N	Rodney Copperbottom
2005	Robots	Mel Brooks	1926	\N	Bigweld
2005	Robots	Robin Williams	1951	2014	Fender
2005	Roll Bounce	Brandon T. Jackson	1984	\N	Junior
2005	Roll Bounce	Nick Cannon	1980	\N	Bernard
2005	Roll Bounce	Shad Moss	1987	\N	Xavier 'X'
2005	The Cave	Cole Hauser	1975	\N	Jack McAllister
2005	The Cave	Eddie Cibrian	1973	\N	Tyler McAllister
2005	The Cave	Morris Chestnut	1969	\N	Top Buchanan
2005	Tracey Ullman: Live and Exposed	Scott Fowler	1967	\N	Dancer
2005	Tracey Ullman: Live and Exposed	Vince Pesce	1966	\N	Dancer
2006	Alpha Dog	Anton Yelchin	1989	2016	Zack Mazursky
2006	Alpha Dog	Bruce Willis	1955	\N	Sonny Truelove
2006	Alpha Dog	Emile Hirsch	1985	\N	Johnny Truelove
2006	Alpha Dog	Justin Timberlake	1981	\N	Frankie Ballenbacher
2006	Bandidas	Dwight Yoakam	1956	\N	Tyler Jackson
2006	Bandidas	Steve Zahn	1967	\N	Quentin
2006	Click	Adam Sandler	1966	\N	Michael Newman
2006	Click	Christopher Walken	1943	\N	Morty
2006	Click	David Hasselhoff	1952	\N	Ammer
2006	Color It Yellow	Aamir Khan	1965	\N	"Daljeet 'DJ'"",""Chandrashekhar Azad"
2006	Color It Yellow	Sharman Joshi	1979	\N	"Sukhi"",""Rajguru"
2006	Color It Yellow	Siddharth	1979	\N	"Karan R. Singhania"",""Bhagat Singh"
2006	Elf Bowling the Movie: The Great North Pole Elf Strike	Joe Alaskey	1952	2016	"Santa Maria Clausewitz Kringle"",""Bagger"",""Chief Manamana"
2006	Elf Bowling the Movie: The Great North Pole Elf Strike	Sean Hart	\N	\N	"Lex"",""Stone Giant #1"",""Imbecile #2 Claudio the Penguin"
2006	Elf Bowling the Movie: The Great North Pole Elf Strike	Tom Kenny	1962	\N	"Dingle Kringle"",""Wrapple"",""Pirate #1"
2006	Eternal Summer	Hsiao-chuan Chang	1983	\N	"Yu Shou-heng"",""Shane"
2006	Eternal Summer	Ray Chang	1985	\N	"Kang Cheng-hsing"",""Jonathan"
2006	Hatchet	Deon Richmond	1978	\N	Marcus
2006	Hatchet	Joel David Moore	1977	\N	Ben
2006	Hatchet	Kane Hodder	1955	\N	"Victor Crowley"",""Mr. Crowley"
2006	Housewife, 49	Ben Crompton	1974	\N	Arthur Last
2006	Housewife, 49	Christopher Harper	\N	\N	Cliff Last
2006	Housewife, 49	David Threlfall	1953	\N	Daddy (Will Last)
2006	Pumpkinhead: Ashes to Ashes	Doug Bradley	1954	\N	Doc Fraser
2006	Pumpkinhead: Ashes to Ashes	Douglas Roberts	1961	\N	Bunt Wallace
2006	Pumpkinhead: Ashes to Ashes	Lance Henriksen	1940	\N	Ed Harley
2006	The Benchwarmers	David Spade	1964	\N	Richie
2006	The Benchwarmers	Jon Heder	1977	\N	Clark
2006	The Benchwarmers	Jon Lovitz	1957	\N	Mel
2006	The Benchwarmers	Rob Schneider	1963	\N	Gus
2006	The Valet	Daniel Auteuil	1950	\N	Levasseur
2006	The Valet	Gad Elmaleh	1971	\N	François Pignon
2006	Unknown	Greg Kinnear	1963	\N	Broken Nose
2006	Unknown	Jim Caviezel	1968	\N	Jean Jacket
2006	Unknown	Joe Pantoliano	1951	\N	Bound Man
2007	Black Water	Andy Rodoreda	\N	\N	Adam
2007	Black Water	Ben Oxenbould	1969	\N	Jim
2007	Descent	Chad Faust	1980	\N	Jared
2007	Descent	Marcus Patrick	1974	\N	Adrian
2007	Elite Squad	André Ramiro	1981	\N	André Matias
2007	Elite Squad	Caio Junqueira	1976	2019	Neto
2007	Elite Squad	Milhem Cortaz	1972	\N	Capitão Fábio
2007	Elite Squad	Wagner Moura	1976	\N	Capitão Nascimento
2007	Ex Drummer	Dries Vanhegen	1967	\N	Dries
2007	Ex Drummer	Gunter Lamoot	1970	\N	Jan Verbeek
2007	Ex Drummer	Norman Baert	1968	\N	Koen de Geyter
2007	Ex Drummer	Sam Louwyck	1966	\N	Ivan Van Dorpe
2007	Grindhouse	Danny Trejo	1944	\N	"Machete (segment \""Planet Terror\"")"
2007	Grindhouse	Kurt Russell	1951	\N	"Stuntman Mike (segment \""Death Proof\"")"
2007	Lars and the Real Girl	Paul Schneider	1976	\N	Gus
2007	Lars and the Real Girl	R.D. Reid	1944	2017	Reverend Bock
2007	Lars and the Real Girl	Ryan Gosling	1980	\N	Lars Lindstrom
2007	The Bourne Ultimatum	Edgar Ramírez	1977	\N	Paz
2007	The Bourne Ultimatum	Matt Damon	1970	\N	Jason Bourne
2007	The Dukes	Chazz Palminteri	1952	\N	George
2007	The Dukes	Frank D'Amico	1955	2008	Armond
2007	The Dukes	Peter Bogdanovich	1939	2022	Lou
2007	The Dukes	Robert Davi	1951	\N	Danny
2007	The Nines	Ryan Reynolds	1976	\N	"Gary"",""Gavin Taylor"",""Gabriel"
2008	Dachimawa Lee	Im Won-hee	1970	\N	Dachimawa Lee
2008	Dachimawa Lee	Kim Byeong-Ok	1960	\N	Mr. Wang
2008	Dachimawa Lee	Seong-Joon Gil	\N	\N	\N
2008	Dark Streets	Noel Arthur	1976	\N	"Technician"",""EMT"
2008	Dark Streets	Tim Langhorne Brown	\N	\N	Blues Singer
2008	King Lear	Ben Meyjes	\N	\N	Edgar
2008	King Lear	Ian McKellen	1939	\N	King Lear
2008	King Lear	Philip Winchester	1981	\N	Edmund
2008	King Lear	William Gaunt	1937	\N	Earl of Gloucester
2008	Mamma Mia!	Pierce Brosnan	1953	\N	Sam
2008	Mamma Mia!	Stellan Skarsgård	1951	\N	Bill
2008	Rambo	Graham McTavish	1961	\N	Lewis
2008	Rambo	Matthew Marsden	1973	\N	School Boy
2008	Rambo	Sylvester Stallone	1946	\N	John Rambo
2008	The Love Guru	Mike Myers	1963	\N	"Guru Pitka"",""Young Pitka"",""Teenage Pitka"
2008	The Love Guru	Romany Malco	1968	\N	Darren Roanoke
2009	Arms	Antonio Moraes	\N	\N	Inácio
2009	Arms	Celso Frateschi	1952	\N	Borges
2009	Harry Brown	Charlie Creed-Miles	1972	\N	D.I. Hicock
2009	Harry Brown	David Bradley	1942	\N	Leonard Attwell
2009	Harry Brown	Michael Caine	1933	\N	Harry Brown
2009	SuperBrother	Andrea Reimer	\N	\N	Agnes
2009	SuperBrother	Lucas Odin Clorius	1997	\N	Anton
2009	SuperBrother	Viktor Kruse Palshøj	1994	\N	Buller
2009	The Boys Are Back	Clive Owen	1964	\N	Joe Warr
2009	The Boys Are Back	George MacKay	1992	\N	Harry
2009	Tinker Bell and the Lost Treasure	Jesse McCartney	1987	\N	Terence
2010	Crazy on the Outside	Ray Liotta	1954	2022	Gray
2010	Crazy on the Outside	Tim Allen	1953	\N	Tommy
2010	How to Train Your Dragon	Christopher Mintz-Plasse	1989	\N	Fishlegs
2010	How to Train Your Dragon	Craig Ferguson	1962	\N	Gobber
2010	How to Train Your Dragon	Gerard Butler	1969	\N	Stoick
2010	How to Train Your Dragon	Jay Baruchel	1982	\N	Hiccup
2010	Life Love Lust	Bel Gris	\N	\N	"(segment \""Love\"")"
2010	Life Love Lust	Leo Gálvez	\N	\N	"(segment \""Life\"")"
2010	Lover's Discourse	Eason Chan	1974	\N	Ray
2010	Lover's Discourse	Jacky Heung	\N	\N	Paul
2010	Shit Year	Bob Einstein	1942	2019	Rick
2010	Shit Year	Luke Grimes	1984	\N	Harvey West
2010	The John Cena Experience	John Cena	1977	\N	John Cena
2011	Agency of Vengeance: Dark Rising	Landy Cannon	1971	\N	Jason Parks
2011	Agency of Vengeance: Dark Rising	Mike 'Nug' Nahrgang	\N	\N	Bulo
2011	Atlas Shrugged: Part I	Edi Gathegi	1979	\N	Eddie Willers
2011	Atlas Shrugged: Part I	Grant Bowler	1968	\N	Henry 'Hank' Rearden
2011	Atlas Shrugged: Part I	Matthew Marsden	1973	\N	James Taggart
2011	Black Butterflies	Graham Clarke	\N	\N	Uys Krige
2011	Black Butterflies	Liam Cunningham	1961	\N	Jack Cope
2011	Black Butterflies	Rutger Hauer	1944	2019	Abraham Jonker
2011	Catwoman	John DiMaggio	1968	\N	Rough Cut
2011	Catwoman	Kevin Michael Richardson	1964	\N	Moe
2011	Estamos Juntos	Cauã Reymond	1980	\N	Murilo
2011	Estamos Juntos	Lee Taylor	1983	\N	Angelo
2011	Estamos Juntos	Nazareno Casero	1986	\N	Juan
2011	Ice Age: A Mammoth Christmas	Denis Leary	1957	\N	Diego
2011	Ice Age: A Mammoth Christmas	John Leguizamo	1960	\N	Sid
2011	Ice Age: A Mammoth Christmas	Ray Romano	1957	\N	Manny
2011	In the Name of the King: Two Worlds	Dolph Lundgren	1957	\N	Granger
2011	In the Name of the King: Two Worlds	Lochlyn Munro	1966	\N	"The King"",""Raven"
2011	Rebellion	Alexandre Steiger	1976	\N	Jean Bianconi
2011	Rebellion	Iabe Lapacas	\N	\N	Alphonse Dianou
2011	Rebellion	Malik Zidi	1975	\N	JP Perrot
2011	Rebellion	Mathieu Kassovitz	1967	\N	Philippe Legorjus
2011	Septien	Jim Willingham	\N	\N	Wilbur Cunningham
2011	Septien	Michael Tully	\N	\N	Cornelius Rawlings
2011	Septien	Onur Tukel	1972	\N	Amos Rawlings
2011	Septien	Robert Longstreet	\N	\N	Ezra Rawlings
2011	The Killing Game	Brian Markinson	1961	\N	Robert Spiro
2011	The Killing Game	Kavan Smith	1970	\N	Mark
2011	The Killing Game	Ty Olsson	1974	\N	Joe Quinn
2011	The Lovers' Guide: Igniting Desire	William Campbell	\N	\N	\N
2012	3 A.M. 3D	Ray MacDonald	\N	\N	"Tee (segment \""O. T\"")"
2012	3 A.M. 3D	Shahkrit Yamnarm	1978	\N	"Karan (segment \""O. T\"")"
2012	A Dark Truth	Andy Garcia	1956	\N	Jack Begosian
2012	A Dark Truth	Forest Whitaker	1961	\N	Francisco Francis
2012	A Dark Truth	Kim Coates	1958	\N	Bruce Swinton
2012	A Fantastic Fear of Everything	Paul Freeman	1943	\N	Dr. Friedkin
2012	A Fantastic Fear of Everything	Simon Pegg	1970	\N	Jack
2012	Abominable Christmas	Drake Bell	1986	\N	"Matt"",""Elf #2"",""News Reporter"
2012	Abominable Christmas	Emilio Estevez	1962	\N	Mr. Winterbottom
2012	About Cherry	James Franco	1978	\N	Frances
2012	Alien Uprising	Andrew Shim	1983	\N	Sam
2012	Alien Uprising	Sean Brosnan	1983	\N	Michael
2012	Alien Uprising	Simon Phillips	1980	\N	Robin
2012	Brave	Billy Connolly	1942	\N	Fergus
2012	Halo 4: Forward Unto Dawn	Daniel Cudmore	\N	\N	Master Chief
2012	Halo 4: Forward Unto Dawn	Iain Belcher	1998	\N	"Vickers"",""Walter Vickers"
2012	Halo 4: Forward Unto Dawn	Masam Holden	1993	\N	Michael Sullivan
2012	Halo 4: Forward Unto Dawn	Mike Dopud	1968	\N	General Black
2012	Halo 4: Forward Unto Dawn	Osric Chau	1986	\N	Junjie Chen
2012	Halo 4: Forward Unto Dawn	Thom Green	\N	\N	Thomas Lasky
2012	I Am ZoZo	Caleb Courtney	\N	\N	Nick
2012	I Am ZoZo	Demetrius Sager	1987	\N	Aiden
2012	Jesse Stone: Benefit of the Doubt	Kohl Sudduth	1974	\N	Luther 'Suitcase' Simpson
2012	Jesse Stone: Benefit of the Doubt	Tom Selleck	1945	\N	Jesse Stone
2012	John Carter	Taylor Kitsch	1981	\N	John Carter
2012	John Carter	Willem Dafoe	1955	\N	Tars Tarkas
2012	Red Balls	Aaron Fronk	\N	\N	Scott Henry IV
2012	Red Balls	Cooper Johnson	\N	\N	Coop Rowley
2012	Red Balls	Jacob Andrews	\N	\N	Gremlin
2012	Red Balls	Vince DeGaetano	\N	\N	Sam Henry
2012	Renoir	Michel Bouquet	1925	2022	Pierre-Auguste Renoir
2012	Renoir	Thomas Doret	1996	\N	Coco Renoir
2012	Renoir	Vincent Rottiers	1986	\N	Jean Renoir
2012	Seven Psychopaths	Christopher Walken	1943	\N	Hans
2012	Seven Psychopaths	Colin Farrell	1976	\N	Marty
2012	Seven Psychopaths	Sam Rockwell	1968	\N	Billy
2012	Seven Psychopaths	Woody Harrelson	1961	\N	Charlie
2012	The Black Dahlia Haunting	Britt Griffith	\N	\N	Dr. Brian Owen
2012	The Black Dahlia Haunting	Noah Dahl	1997	\N	Tyler Jenson
2012	The Drudgery Train	Kengo Kôra	1987	\N	Shoji Kusakabe
2012	The Drudgery Train	Makita Sports	1970	\N	\N
2012	The Drudgery Train	Mirai Moriyama	1984	\N	Kanta Kitamachi
2012	The First Time	Dylan O'Brien	1991	\N	Dave Hodgman
2012	The First Time	James Frecheville	1991	\N	Ronny
2012	Wadjda	Abdullrahman Al Gohani	\N	\N	Abdullah
2012	What Maisie Knew	Alexander Skarsgård	1976	\N	Lincoln
2012	What Maisie Knew	Steve Coogan	1965	\N	Beale
2012	Winged Seduction: Birds of Paradise	Josh Goodman	\N	\N	Narrator
2013	Aashiqui 2	Aditya Roy Kapoor	1985	\N	Rahul Jaykar
2013	Aashiqui 2	Salil Acharya	\N	\N	\N
2013	Aashiqui 2	Shaad Randhawa	1978	\N	Vivek
2013	Cavemen	Chad Michael Murray	1981	\N	Jay Stone
2013	Cavemen	Dayo Okeniyi	1988	\N	Andre
2013	Cavemen	Skylar Astin	1987	\N	Dean Parker
2013	Ip Man: The Final Fight	Anthony Chau-Sang Wong	1961	\N	Yip Man
2013	Ip Man: The Final Fight	Eric Tsang	1953	\N	Ng Chung
2013	Ip Man: The Final Fight	Jordan Chan	1967	\N	Tang Shing
2013	Linsanity	Daniel Dae Kim	\N	\N	Narrator
2013	Love and Honor	Austin Stowell	1984	\N	Dalton Joiner
2013	Love and Honor	Liam Hemsworth	1990	\N	Mickey Wright
2013	Night Moves	Jesse Eisenberg	1983	\N	Josh
2013	Night Moves	Peter Sarsgaard	1971	\N	Harmon
2013	Stay	Aidan Quinn	1959	\N	Dermot Fay
2013	Stay	Barry Keoghan	1992	\N	Sean Meehan
2013	Talea	Andreas Patton	1962	\N	Peter
2013	Talea	Philipp Hochmair	1973	\N	Stefan
2013	The Grand Seduction	Brendan Gleeson	1955	\N	Murray French
2013	The Grand Seduction	Gordon Pinsent	1930	2023	Simon
2013	The Grand Seduction	Taylor Kitsch	1981	\N	Dr. Paul Lewis
2013	The Hepburn Girls	Brian Douglas Barker	\N	\N	Patrick
2013	The Hepburn Girls	Kyle Brumley	\N	\N	Joe Sullivan
2013	The Hepburn Girls	Neil Brewer	\N	\N	Stewart
2013	The Sweeter Side of Life	Alastair Mackenzie	1970	\N	Benny Christophe
2013	The Sweeter Side of Life	James Best	1926	2015	Paddy Kerrigan
2013	The Sweeter Side of Life	Steve Varnom	\N	\N	Eddie Rubinski
2013	Ugly	Rahul Bhat	1977	\N	Rahul Kapoor
2013	Ugly	Ronit Roy	1965	\N	Shoumik Bose
2013	Ugly	Vineet Kumar Singh	1981	\N	Chaitanya Mishra
2013	Unlisted Owner	Andrea Potts	\N	\N	Andrea Mills
2013	Unlisted Owner	Gavin Groves	\N	\N	Gavin Landers
2013	Unlisted Owner	Jed Brian	\N	\N	Jed Groves
2013	Unlisted Owner	Tyler Landers	\N	\N	Tyler Brian
2013	Witching and Bitching	Hugo Silva	1977	\N	José
2013	Witching and Bitching	Mario Casas	1986	\N	Antonio
2013	Witching and Bitching	Pepón Nieto	1967	\N	Calvo
2014	4 Moons	Alejandro de la Madrid	1977	\N	Andrés
2014	4 Moons	Antonio Velázquez	1981	\N	Hugo
2014	4 Moons	Cesar Ramos	\N	\N	Fito
2014	4 Moons	Gustavo Egelhaaf	1984	\N	Leo
2014	99 Homes	Andrew Garfield	1983	\N	Dennis Nash
2014	99 Homes	Clancy Brown	1959	\N	Mr. William Freeman
2014	99 Homes	Michael Shannon	1974	\N	Rick Carver
2014	A Fighting Man	Adam Beach	1972	\N	Fast Eddie
2014	A Fighting Man	Dominic Purcell	1970	\N	Sailor O'Connor
2014	A Fighting Man	Kim Coates	1958	\N	Father Brennan
2014	A Fighting Man	Louis Gossett Jr.	1936	\N	Cubby
2014	Against the Sun	Garret Dillahunt	\N	\N	Harold Dixon
2014	Against the Sun	Jake Abel	\N	\N	Gene Aldrich
2014	Against the Sun	Tom Felton	1987	\N	Tony Pastula
2014	Age of Tomorrow	Anthony Marks	\N	\N	Captain James Wheeler
2014	Age of Tomorrow	Lane Townsend	\N	\N	Chris Meher
2014	Age of Tomorrow	Robert Picardo	1953	\N	General Magowan
2014	Buzzard	Joel Potrykus	\N	\N	Derek
2014	Buzzard	Joshua Burge	\N	\N	Marty Jackitansky
2014	Dead Girls	Joe Caballero	\N	\N	"Chavo (segment \""Wraparound\"")"
2014	Hirschen	Alois Bergmann	\N	\N	Chief of Police
2014	Hirschen	Gerhard Bachlechner	\N	\N	Priest
2014	Infliction	Elliott Armstrong	\N	\N	Kenny Stiles
2014	Infliction	Jason Mac	\N	\N	John Stiles
2014	Ironclad: Battle for Blood	Tom Rhys Harries	\N	\N	Hubert
2014	Jarhead 2: Field of Fire	Bokeem Woodbine	1973	\N	Danny Kettner
2014	Jarhead 2: Field of Fire	Cole Hauser	1975	\N	Navy Seal Special Ops Fox
2014	Jarhead 2: Field of Fire	Josh Kelly	\N	\N	Chris Merrimette
2014	Jauja	Adrián Fondari	\N	\N	Pittaluga
2014	Jauja	Viggo Mortensen	1958	\N	Gunnar Dinesen
2014	Kingsman: The Secret Service	Colin Firth	1960	\N	"Harry Hart"",""Galahad"
2014	Kingsman: The Secret Service	Michael Caine	1933	\N	Arthur
2014	Kingsman: The Secret Service	Samuel L. Jackson	1948	\N	Valentine
2014	Kingsman: The Secret Service	Taron Egerton	1989	\N	Gary 'Eggsy' Unwin
2014	Lone	Richard Kray	\N	\N	Old Man Memory
2014	Mommy	Antoine Olivier Pilon	1997	\N	Steve O'Connor Després
2014	Mommy	Patrick Huard	1969	\N	Paul
2014	Rampage: Capital Punishment	Brendan Fletcher	1981	\N	Bill Williamson
2014	Rampage: Capital Punishment	Lochlyn Munro	1966	\N	Chip Parker - The News Anchor
2014	Rampage: Capital Punishment	Mike Dopud	1968	\N	Marc
2014	Reach Me	Kelsey Grammer	1955	\N	Angelo AldoBrandini
2014	Reach Me	Sylvester Stallone	1946	\N	Gerald
2014	Reach Me	Thomas Jane	1969	\N	Wolfie
2014	Set Me Free	Choi Woo-sik	1990	\N	Yeong-jae
2014	Set Me Free	Sin-cheol Kang	\N	\N	Director
2014	Set Me Free	Sin Jae-ha	1993	\N	Beom-tae
2014	Set Me Free	Su-hyeon Kim	\N	\N	Chang-won
2014	Seven Lucky Gods	Christopher Villiers	1958	\N	Adrian
2014	Seven Lucky Gods	Nik Xhelilaj	1983	\N	Mehmet
2014	The Riot Club	Douglas Booth	1992	\N	Harry Villiers
2014	The Riot Club	Max Irons	1985	\N	Miles
2014	The Riot Club	Sam Claflin	1986	\N	Alistair Ryle
2014	The Royal Tailor	Go Soo	1978	\N	Kong-Jin
2014	The Royal Tailor	Han Suk-kyu	1964	\N	Dol-Seok
2014	The Royal Tailor	Yoo Yeon-Seok	1984	\N	The King
2014	Three Brothers	Kulvinder Ghir	1965	\N	Dad
2014	Three Brothers	Muhammad Mujahid-Ali Shahzad	\N	\N	Billy
2014	Three Brothers	Yousuf Hussain	\N	\N	Humza
2014	Three Brothers	Zain Muhammad Zafar	\N	\N	Hamid
2014	Tom Sawyer & Huckleberry Finn	Jake T. Austin	1994	\N	Huckleberry Finn
2014	Tom Sawyer & Huckleberry Finn	Joel Courtney	1996	\N	Tom Sawyer
2014	Tom Sawyer & Huckleberry Finn	Noah Munck	1996	\N	Ben Rogers
2014	Twilight Online	Babyjohn Choi	1986	\N	\N
2014	Twilight Online	Eddie Cheung	1963	\N	\N
2014	Twilight Online	Otto Chi-Kin Chan	\N	\N	\N
2014	When Sparks Fly	Lochlyn Munro	1966	\N	Phil
2015	A Frosty Affair	Chris Craddock	\N	\N	Joe
2015	A Frosty Affair	Shaun Johnston	1958	\N	Edward
2015	A Frosty Affair	Shawn Roberts	1984	\N	Redford
2015	All American Bikini Car Wash	J.R. Ritcherson	\N	\N	Marvin
2015	All American Bikini Car Wash	Jack Cullison	\N	\N	Jack Miller
2015	All American Bikini Car Wash	Jason Lockhart	\N	\N	Vex
2015	Amongst Bees	Fábio Porchat	1983	\N	Bruno
2015	Amongst Bees	Luis Lobianco	\N	\N	Atendente
2015	Amongst Bees	Marcos Veras	\N	\N	Davi
2015	Bad Roomies	Eric Pumphrey	\N	\N	Carl
2015	Bad Roomies	Patrick Renna	1979	\N	Bobby
2015	Bad Roomies	Tommy Savas	\N	\N	Raymond
2015	Black	Aboubakr Bensaihi	\N	\N	Marwan
2015	Bone Tomahawk	Kurt Russell	1951	\N	Sheriff Hunt
2015	Bone Tomahawk	Matthew Fox	1966	\N	Brooder
2015	Bone Tomahawk	Patrick Wilson	1973	\N	Arthur
2015	Bone Tomahawk	Richard Jenkins	1947	\N	Chicory
2015	Book of Fire	Shane Brolly	1970	\N	Justinian
2015	Christmas Eve	James Roday Rodriguez	1976	\N	B
2015	Christmas Eve	Jon Heder	1977	\N	James
2015	Christmas Eve	Patrick Stewart	1940	\N	Harris
2015	Curious George 3: Back to the Jungle	Frank Welker	1946	\N	Curious George
2015	Curious George 3: Back to the Jungle	Jeff Bennett	1962	\N	Ted
2015	Curious George 3: Back to the Jungle	John Goodman	1952	\N	Hal Houston
2015	Dark Intentions	Dean Geyer	1986	\N	Brad
2015	Gekiju00f4ban Shingeki no Kyojin Ku00f4hen: Jiyu00fb no tsubasa	Daisuke Ono	1978	\N	Erwin Smith
2015	Gekiju00f4ban Shingeki no Kyojin Ku00f4hen: Jiyu00fb no tsubasa	Hiroshi Kamiya	1975	\N	Levi
2015	Gekiju00f4ban Shingeki no Kyojin Ku00f4hen: Jiyu00fb no tsubasa	Kishô Taniyama	1975	\N	Jean Kirstein
2015	Gekiju00f4ban Shingeki no Kyojin Ku00f4hen: Jiyu00fb no tsubasa	Yûki Kaji	1985	\N	Eren Jaeger
2015	Holy Hell	Luke LaPlante	\N	\N	Officer Blank
2015	Holy Hell	Michael Rawley	\N	\N	Dokes MacFarlane
2015	Holy Hell	Ryan LaPlante	\N	\N	Father Bane
2015	I Am Dragon	Matvey Lykov	\N	\N	Arman
2015	I Am Dragon	Petr Romanov	1989	\N	Igor
2015	I Am Dragon	Stanislav Lyubshin	1933	\N	Knyaz
2015	Impact Earth	Bernard Curry	1974	\N	Tim Harrison
2015	Impact Earth	Lew Temple	1967	\N	Sam Dresser
2015	Irrational Man	Joaquin Phoenix	1974	\N	Abe Lucas
2015	Irrational Man	Joe Stapleton	1963	2018	Professor
2015	Martian Land	Alan Pietruszewski	1962	\N	Neil
2015	Martian Land	Lane Townsend	\N	\N	Foster
2015	Mystery in Yellowstone	John Beach	\N	\N	Narrator
2015	Natasha	Alex Ozerov-Meyer	1992	\N	"Mark"",""Natasha's cousin in-law"
2015	Natasha	Genadijs Dolganovs	\N	\N	"Roman"",""Bella's husband"
2015	One More Time	Christopher Walken	1943	\N	Paul
2015	One More Time	Hamish Linklater	1976	\N	Tim
2015	Tamago	Akihiko Yamashita	\N	\N	Taichi
2015	Tamago	Hinato Tezuka	\N	\N	Hinata
2015	Tamago	Michael Hazama	\N	\N	Kaito
2015	Tamago	Shono Tezuka	\N	\N	Sho
2015	The Condemned 2	Eric Roberts	1956	\N	Frank Tanner
2015	The Condemned 2	Randy Orton	1980	\N	Will Tanner
2015	The Condemned 2	Steven Michael Quezada	1963	\N	Raul Baccaro
2015	The Condemned 2	Wes Studi	1947	\N	Cyrus Merrick
2015	The Little Prince	Jeff Bridges	1949	\N	The Aviator
2015	The Murder Case of Hana & Alice	Sei Hiraizumi	1944	\N	Kuroyanagi Kenji
2015	The Night Before	Joseph Gordon-Levitt	1981	\N	Ethan
2015	The Night Before	Seth Rogen	1982	\N	Isaac
2015	The Return	David Ruprecht	1948	\N	Taker
2015	The Return	Ken T. Williams	1976	\N	Dybbuk
2015	The Return	Simon Jon Provan	\N	\N	Yadid
2015	The Sea of Trees	Ken Watanabe	1959	\N	Takumi Nakamura
2015	The Sea of Trees	Matthew McConaughey	1969	\N	Arthur Brennan
2015	The Timber	James Ransone	1979	\N	Wyatt
2015	The Timber	Josh Peck	1986	\N	Samuel
2015	The Timber	Mark Caven	1960	\N	Col. Rupert Thomas
2015	Tremors 5: Bloodlines	Brandon Auret	\N	\N	Johan Dreyer
2015	Tremors 5: Bloodlines	Emmanuel Castis	\N	\N	Dr. Michael Swan
2015	Tremors 5: Bloodlines	Michael Gross	1947	\N	Burt Gummer
2016	All We Had	Richard Kind	1956	\N	Marty
2016	Azhar	Emraan Hashmi	1979	\N	Mohammad Azharuddin
2016	Barbie & Her Sisters in a Puppy Chase	Alex Barima	\N	\N	Marco
2016	Barbie: Star Light Adventure	Robbie Daymond	1982	\N	Leo
2016	Broadcasting Christmas	Dean Cain	1966	\N	Charlie Fisher
2016	Corpse Party: Book of Shadows	Ryôsuke Ikeoka	1993	\N	\N
2016	Corpse Party: Book of Shadows	Tsunenori Aoki	\N	\N	Yuya Kizami
2016	Dear Diary I Died	Anthony Bratts	\N	\N	Police Officer
2016	Dear Diary I Died	Zoe D'Andrea	\N	\N	Shelly Noonan
2016	Edge of Winter	Joel Kinnaman	1979	\N	Elliot Baker
2016	Edge of Winter	Percy Hynes White	2001	\N	Caleb Baker
2016	Edge of Winter	Tom Holland	1996	\N	Bradley Baker
2016	Eva Hesse	Bob Balaban	1945	\N	Wilhelm Hesse
2016	Eva Hesse	Patrick Kennedy	1977	\N	Sol Lewitt
2016	Everything But a Man	Jimmy Jean-Louis	1968	\N	Max
2016	Fanny's Journey	Ryan Brodie	\N	\N	Victor
2016	Finding Sofia	Rafael Spregelburd	1970	\N	Victor
2016	Finding Sofia	Sam Huntington	1982	\N	Alex
2016	Free Fire	Armie Hammer	1986	\N	Ord
2016	Free Fire	Cillian Murphy	1976	\N	Chris
2016	Free Fire	Sharlto Copley	1973	\N	Vernon
2016	Garage Sale Mysteries Garage Sale Mystery: The Novel Murders	Steve Bacic	1965	\N	Jason
2016	Grease Live!	Aaron Tveit	1983	\N	Danny Zuko
2016	Gukoroku - Traces of Sin	Keisuke Koide	1984	\N	Takou
2016	Gukoroku - Traces of Sin	Satoshi Tsumabuki	1980	\N	Tanaka
2016	Inside	Ben Temple	\N	\N	Isaac
2016	It's All Good	Aaron Fronk	\N	\N	Aaron
2016	It's All Good	Cooper Johnson	\N	\N	Cooper
2016	It's All Good	Vince DeGaetano	\N	\N	Vinny
2016	Kaleidoscope	Toby Jones	1966	\N	Carl
2016	Lone Wolves	Alana Tranter	\N	\N	Elizabeth
2016	Lone Wolves	Dan Purdey	\N	\N	Dr. Fischer
2016	Lone Wolves	David Leeming	\N	\N	Garry Freeman
2016	Lone Wolves	Warren Otteraa	\N	\N	Private James Conroy
2016	Marie Curie: The Courage of Knowledge	Arieh Worthalter	1985	\N	Paul Langevin
2016	Marie Curie: The Courage of Knowledge	Charles Berling	1958	\N	Pierre Curie
2016	Nina	David Oyelowo	1976	\N	Clifton Henderson
2016	Nina	Kevin Mambo	1972	\N	Gilles, Lead Guitarist
2016	Nina	Ronald Guttman	1952	\N	Henri Edwards
2016	Rock Dog	J.K. Simmons	1955	\N	Khampa
2016	Rock Dog	Lewis Black	1948	\N	Linnux
2016	Rock Dog	Luke Wilson	1971	\N	Bodi
2016	Ru00f6lli and the Secret of All Time	Allan Tuppurainen	1951	\N	Rölli
2016	Silence	Adam Driver	1983	\N	Garupe
2016	Silence	Andrew Garfield	1983	\N	Rodrigues
2016	Silence	Liam Neeson	1952	\N	Ferreira
2016	Silence	Tadanobu Asano	1973	\N	Interpreter
2016	Souvenir	Johan Leysen	1950	2023	Tony Jones
2016	Souvenir	Kévin Azaïs	1992	\N	Jean Leloup
2016	Starfish	Tom Riley	1981	\N	Tom Ray
2016	Streamer	Brennan Pedde	\N	\N	The Boyfriend
2016	Streamer	Jared Bratt	\N	\N	Jared
2016	Te3n	Amitabh Bachchan	1942	\N	John Biswas
2016	Te3n	Nawazuddin Siddiqui	1974	\N	Martin Das
2016	Te3n	Tota Roy Chowdhury	1976	\N	Peter
2016	Terra Formars	Tomohisa Yamashita	1985	\N	Jim Muto
2016	The Game of Love	Lochlyn Munro	1966	\N	Jake Cornell
2016	The Game of Love	Tom Stevens	\N	\N	Barton Cornell
2016	The Last Egg	Binh Minh	\N	\N	Thien Menh
2016	The Last Egg	Huu Chau	1966	\N	Uncle
2016	The Last Egg	Lap Huynh	\N	\N	Oliver
2016	The Orchard	Chris McNally	\N	\N	Andy Cunningham
2016	The Orchard	Matt Angel	1990	\N	Max Roth
2016	The Orchard	Sean MacLean	\N	\N	Constable Jake Dundas
2016	Thomas & Friends: The Great Race	John Hasler	1974	\N	"Thomas (UK)"",""Rheneas (UK & US)"
2016	Thomas & Friends: The Great Race	Joseph May	1974	\N	Thomas (US)
2016	Thomas & Friends: The Great Race	Mark Moraghan	1963	\N	Narrator (UK & US)
2016	Tom Segura: Mostly Stories	Brandon Brown	1992	\N	Thug
2016	Tom Segura: Mostly Stories	Davis Choh	\N	\N	Factory worker
2016	Tom Segura: Mostly Stories	Gabriel G. Alvarez	\N	\N	Homeless man
2016	Tom Segura: Mostly Stories	I. Elijah Baughman	\N	\N	Thug
2017	Abracadabra	Antonio de la Torre	1968	\N	Carlos
2017	Abracadabra	Javier Antón	1980	\N	Fernando (Novio)
2017	Ana, My Love	Igor Caras-Romanov	\N	\N	Igor
2017	Ana, My Love	Mircea Postelnicu	1987	\N	Toma
2017	Armed Response	Colby Lopez	1986	\N	Brett
2017	Armed Response	Dave Annable	1979	\N	Gabriel
2017	Armed Response	Wesley Snipes	1962	\N	Isaac
2017	Bokeh	Arnar Jónsson	1943	\N	Nils
2017	Bokeh	Gunnar Helgason	1965	\N	Ivar
2017	Bokeh	Matt O'Leary	1987	\N	Riley
2017	Bullet Head	Adrien Brody	1973	\N	Stacy
2017	Bullet Head	Antonio Banderas	1960	\N	Blue
2017	Bullet Head	John Malkovich	1953	\N	Walker
2017	Bullet Head	Rory Culkin	1989	\N	Gage
2017	Creep 2	Karan Soni	1989	\N	Dave
2017	Creep 2	Kyle Field	\N	\N	Wade
2017	Creep 2	Mark Duplass	1976	\N	Aaron
2017	Dead Ant	Jake Busey	1971	\N	Merrick
2017	Dead Ant	Rhys Coiro	1979	\N	Pager
2017	Dead Ant	Tom Arnold	1959	\N	Danny
2017	Dead End Demon	Jeremy Koerner	1967	\N	The John
2017	Dead End Demon	Marcus D. Spencer	1984	\N	Cameron Crowe
2017	Dead End Demon	Mike Dinsmore	1967	2019	Mailman
2017	Deviant	Korab Uka	\N	\N	Korab
2017	Deviant	Ricki Hostutler	\N	\N	Jake
2017	Love by Chance	Cory Chapman	\N	\N	Jon
2017	Love by Chance	Desi Banks	\N	\N	Dante
2017	Love by Chance	Paul H Chapman	\N	\N	Henry Weber
2017	Love by Chance	Stevie Baggs Jr.	1981	\N	Jason
2017	Mary Goes Round	Kristian Bruun	1979	\N	Police officer
2017	MDMA	Pierson Fode	1991	\N	"Alex"",""Angie's friend"
2017	MDMA	Scott Keiji Takeda	\N	\N	"Tommy"",""Angie's friend"
2017	Mercy Christmas	David Ruprecht	1948	\N	Abe Robillard
2017	Midnighters	Dylan McTee	\N	\N	Jeff
2017	Midnighters	Ward Horton	1976	\N	Smith
2017	November	Arvo Kukumägi	1958	2017	Rein
2017	November	Heino Kalm	\N	\N	Sander
2017	November	Jörgen Liik	1990	\N	Hans
2017	Overdrive	Freddie Thorp	1994	\N	Garrett Foster
2017	Overdrive	Scott Eastwood	1986	\N	Andrew Foster
2017	Phoenix Forgotten	Justin Matthews	1995	\N	Mark
2017	Phoenix Forgotten	Luke Spencer Roberts	\N	\N	Josh
2017	Pilgrimage	Jon Bernthal	1976	\N	The Mute
2017	Pilgrimage	Nikos Karathanos	\N	\N	Saint Matthias
2017	Pilgrimage	Richard Armitage	1971	\N	Raymond De Merville
2017	Pilgrimage	Tom Holland	1996	\N	Brother Diarmuid - The Novice
2017	Puppet Master: Axis Termination	George Appleby	\N	\N	Doctor Ivan Ivanov
2017	Puppet Master: Axis Termination	Kevin Scott Allen	\N	\N	Sturmbanfuhrer Steiner Krabke
2017	Puppet Master: Axis Termination	Paul Logan	1973	\N	Captain Brooks
2017	Rumble	Eddie J. Fernandez	\N	\N	Rico
2017	Rumble	Gary Daniels	1963	\N	David Goran
2017	Rumble	Luis Gatica	1961	\N	Agent Fonseca
2017	Sarah Plays a Werewolf	Michel Voïta	1957	\N	Raphaël
2017	Smoke Screen	Camrus Johnson	1994	\N	Tim Barnes
2017	Smoke Screen	Dechen Thurman	1973	\N	Rick
2017	Smoke Screen	Sean Buttimer	1983	\N	Padraic Mason
2017	Sollers Point	Jim Belushi	1954	\N	Carol
2017	Sollers Point	McCaul Lombardi	1991	\N	Keith
2017	Sollers Point	Tom Guiry	1981	\N	Aaron
2017	Stronger	Jake Gyllenhaal	1980	\N	Jeff Bauman
2017	Stronger	Richard Lane Jr.	\N	\N	Sully
2017	Temple	Brandon Sklenar	1990	\N	James
2017	Temple	Logan Huffman	1989	\N	Christopher
2017	Temple	Naoto Takenaka	1956	\N	Ryo
2017	Terror in Woods Creek	Donnie Carter	\N	\N	Axe Murderer - Potato Sack Jack
2017	Terror in Woods Creek	John Birmingham	1977	\N	Dale
2017	Terror in Woods Creek	Robert Barger Jr.	\N	\N	Detective Smith Wesson
2017	Terror in Woods Creek	Talon Borrelli	\N	\N	Deputy Tombs
2017	The Breadwinner	Noorin Gulamgaus	1997	\N	"Idrees"",""Sulayman"
2017	The Climb	Ahmed Sylla	\N	\N	Samy Diakhaté
2017	The Climb	Kévin Razy	\N	\N	Ben
2017	The Climb	Nicolas Wanczycki	\N	\N	Jeff
2017	The Good Catholic	Danny Glover	1946	\N	Victor
2017	The Good Catholic	John C. McGinley	1959	\N	Ollie
2017	The Good Catholic	Zachary Spicer	\N	\N	Daniel
2017	The Immortal Wars	Bill Oberst Jr.	1965	\N	Seth
2017	The Immortal Wars	Eric Roberts	1956	\N	Dominion Harvey
2017	The Immortal Wars	Shaun Gerardo	1984	\N	Chris Fresno
2017	The Immortal Wars	Tom Sizemore	1961	2023	Bloodshed
2017	The Institute	James Franco	1978	\N	Dr. Cairn
2017	The Institute	Joe Pease	\N	\N	Roderick Porter
2017	The Institute	Scott Haze	\N	\N	Gunther
2017	The Last Word	Thomas Sadoski	1976	\N	Robin Sands
2017	The Monster Project	Jamal Quezaire	\N	\N	Jamal
2017	The Monster Project	Justin Bruening	1979	\N	Devon
2017	The Monster Project	Toby Hemingway	1983	\N	Bryan
2017	The Other Side of Hope	Abdi Jama	\N	\N	Aseman kassa
2017	The Other Side of Hope	Antti Virmavirta	1959	\N	Poliisi asemalla
2017	The Other Side of Hope	Sakari Kuosmanen	1956	\N	Waldemar Wikström
2017	The Other Side of Hope	Sherwan Haji	\N	\N	Khaled
2017	The Other Side of Hope	Timo Torikka	1958	\N	Poliisi asemalla
2017	The Sixth Time	Antti Luusuaniemi	1979	\N	Ricky
2017	The Sixth Time	Dick Idman	1950	\N	Ulf
2017	The Trouble with Mistletoe	Thomas Beaudoin	1981	\N	Keane Winters
2017	The West and the Ruthless	Alexander Harris	\N	\N	Grant Morgan
2017	The West and the Ruthless	Dan Fowlks	\N	\N	Chester Crow
2017	The West and the Ruthless	Paul Haapaniemi	\N	\N	Francisco Winchester
2017	Valley of Bones	Mason Mahay	2005	\N	Ezekiel
2017	Valley of Bones	Rhys Coiro	1979	\N	Nate
2017	Valley of Bones	Steven Molony	\N	\N	McCoy
2017	Wandering Hearts	Daniel Prunier	\N	\N	Sebastien
2017	Wandering Hearts	Deva Middleton	\N	\N	Ethan
2017	Where's the Money	Andrew Bachelor	1988	\N	Del
2017	Where's the Money	Logan Paul	1995	\N	Eddie
2017	Where's the Money	Terry Crews	1968	\N	Uncle Leon
2018	A Clear Felling	Bernhard Conrad	1981	\N	Eric
2018	A Clear Felling	Florian Bartholomäi	1987	\N	Martin
2018	A Clear Felling	Jan 'Monchi' Gorkow	\N	\N	Speiche
2018	After the Rain	Hayato Isomura	1992	\N	Ryosuke Kase
2018	After the Rain	Yô Ôizumi	1973	\N	Masami Kondo
2018	Alien Code	Kyle Gallner	\N	\N	Alex Jacobs
2018	Alien Code	Richard Schiff	1955	\N	Miles Driskoll
2018	Amazon Hot Box	Jett Bryant	\N	\N	Jett Bryant
2018	American Animals	Chas Allen	\N	\N	The Real Chas Allen
2018	American Animals	Eric Borsuk	\N	\N	The Real Eric Borsuk
2018	American Animals	Spencer Reinhard	\N	\N	The Real Spencer Reinhard
2018	American Animals	Warren Lipka	\N	\N	The Real Warren Lipka
2018	Astro	Gary Daniels	1963	\N	Jack Adams
2018	Astro	Louis Mandylor	1966	\N	Viktor Khol
2018	Astro	Marshal Hilton	1955	\N	Alexander Biggs
2018	Await Further Instructions	David Bradley	1942	\N	Grandad
2018	Await Further Instructions	Sam Gittins	1993	\N	Nick
2018	Beloved Beast	Jonathan Holbrook	\N	\N	"Milton"",""Harvey"
2018	Daughter of Mine	Udo Kier	\N	\N	Bruno
2018	Draug	Ralf Beck	\N	\N	Hakon
2018	Draug	Thomas Hedengran	1965	\N	Kettil
2018	Fishbowl California	Richard Riehle	1948	\N	Glen
2018	Fishbowl California	Tim Bagley	1957	\N	Woody
2018	Float Like a Butterfly	Dara Devaney	\N	\N	Michael
2018	Float Like a Butterfly	Johnny Collins	\N	\N	Patrick
2018	Garage Sale Mysteries Garage Sale Mysteries: Picture a Murder	Steve Bacic	1965	\N	Jason
2018	Harry & Meghan: A Royal Romance	Steve Coulter	1960	\N	Prince Charles
2018	In a Relationship	Michael Angarano	1987	\N	Owen
2018	In a Relationship	Patrick Gibson	1995	\N	Matt
2018	Incredible Violence	Michael Worthman	\N	\N	Foster
2018	Incredible Violence	Stephen Oates	\N	\N	G. Patrick Condon
2018	K.G.F: Chapter 1	Ramachandra Raju	\N	\N	Garuda
2018	K.G.F: Chapter 1	Yash	1986	\N	"Rocky"",""Raja Krishnappa Bairya"
2018	Lizzie	Jeff Perry	1955	\N	Andrew Jennings
2018	Mad Mom	Charlie Langendries	\N	\N	Arthur
2018	Mad Mom	Florent Peyre	\N	\N	Stéphane
2018	Morning Show Mysteries Morning Show Mystery: Mortal Mishaps	Al Roker	1954	\N	Al Roker
2018	Morning Show Mysteries Morning Show Mystery: Mortal Mishaps	Rick Fox	1969	\N	Ian Jackson
2018	Murderous Trance	Josh Lucas	1971	\N	Bjørn Schouw Nielsen
2018	Murderous Trance	Pilou Asbæk	1982	\N	Anders Olsen
2018	Murderous Trance	Rade Serbedzija	1946	\N	Dr. Dabrowski
2018	Odds Are	Markus Silbiger	\N	\N	Ryan
2018	Odds Are	Ron Eldard	1965	\N	Homeowner
2018	On the Ropes	Can Aydin	1985	\N	Jon
2018	On the Ropes	Joseph Di Mambro	\N	\N	Bruno
2018	On the Ropes	Phong Giang	1985	\N	Lee
2018	Outlaw King	Billy Howle	1989	\N	Edward, Prince of Wales
2018	Outlaw King	Chris Pine	1980	\N	Robert Bruce, Earl of Carrick
2018	Outlaw King	Stephen Dillane	1957	\N	King Edward I of England
2018	Perfect	Garrett Wareing	2001	\N	Vessel 13
2018	Perfect	Maurice Compte	\N	\N	Dr. Price
2018	Roads in February	Mathias Perdigón	\N	\N	Tincho
2018	Snapshots	Christopher McVay	\N	\N	Chris
2018	The Antique: Secret of the Old Books	Masahiro Higashide	1988	\N	Yoshio Tanaka
2018	The Antique: Secret of the Old Books	Shûhei Nomura	1993	\N	Daisuke Goura
2018	The Big Frozen Gumshoe	Braden Bullard	\N	\N	Kid
2018	The Big Frozen Gumshoe	Gregg Goldsbury	\N	\N	Detective Richard D. Dick
2018	The Contractor	Alejandro De Hoyos	\N	\N	Cano
2018	The Contractor	Lyduan Gonzalez	1982	\N	Cubiche
2018	The Contractor	Reinaldo Zavarce	\N	\N	Chamo
2018	The Image Book	Dimitri Basil	1988	\N	\N
2018	The Image Book	Jean-Luc Godard	1930	2022	Narrator
2018	The Image Book	Jean-Pierre Gos	1949	\N	Voice-over
2018	The Pastor and the Pro	Andrew Tribolini	\N	\N	Dr. Callahan
2018	The Pastor and the Pro	Jeffrey Arrington	\N	\N	Phil
2018	The Pastor and the Pro	Phillip Keiman	\N	\N	Pastor Campbell
2018	The Pastor and the Pro	Sam Stiles	\N	\N	Church Man
2018	The Pastor and the Pro	Travis Lincoln Cox	\N	\N	Jacob
2018	The Texture of Falling	Benjamin Farmer	\N	\N	Michael
2018	The Texture of Falling	Craig Opfer	\N	\N	Producer
2018	The Texture of Falling	Damien Genardi	\N	\N	Anthony
2018	The Texture of Falling	Patrick D. Green	\N	\N	Luke Amherst
2018	The Toybox	Brian Nagel	1983	\N	Jay
2018	The Toybox	Jeff Denton	1969	\N	Steve
2018	Vision	Masatoshi Nagase	1966	\N	Satoshi
2018	Vision	Takanori Iwata	1989	\N	Rin
2018	Wally Got Wasted	Larry Hankin	1937	\N	Karl
2019	A Wreck Without You	Alexander Roberts	\N	\N	Charlie
2019	A Wreck Without You	David Ballam	\N	\N	FBI Agent
2019	After Midnight	Henry Zebrowski	1984	\N	Wade
2019	After Midnight	Jeremy Gardner	\N	\N	Hank
2019	After Midnight	Justin Benson	1983	\N	Shane
2019	Beats	Brian Ferguson	1980	\N	Robert
2019	Beats	Cristian Ortega	\N	\N	Johnno
2019	Beats	Lorn Macdonald	\N	\N	Spanner
2019	Color Out of Space	Elliot Knight	\N	\N	Ward Phillips
2019	Color Out of Space	Nicolas Cage	1964	\N	Nathan
2019	Dead End	Daran Acevedo	\N	\N	Scotty
2019	Dead End	Jett Bednar	\N	\N	Trailer Boy
2019	Dead End	Julian Bane	1967	\N	Hit Squad Member
2019	Dead End	Malik Barnhardt	\N	\N	Bobby
2019	Dora and the Lost City of Gold	Eugenio Derbez	1962	\N	Alejandro
2019	Dora and the Lost City of Gold	Michael Peña	1976	\N	Cole
2019	Enemy Within	Beulah Koale	1991	\N	Haku Keli'i
2019	Enemy Within	Joseph Naufahu	1978	\N	Ben Kanahele
2019	Enemy Within	Kazuma Sano	1989	\N	Shigenori Nishikaichi
2019	Enemy Within	Takashi Yamaguchi	\N	\N	Yoshio Harada
2019	Flying Cars	Jared Kusnitz	1988	\N	Chris
2019	Flying Cars	Jeremy Schuetze	\N	\N	Drew
2019	Good Newwz	Akshay Kumar	1967	\N	Varun Batra
2019	Good Newwz	Diljit Dosanjh	1984	\N	Honey Batra
2019	Gully	Charlie Plummer	1999	\N	Nicky
2019	Gully	Jacob Latimore	1996	\N	Calvin
2019	Gully	John Corbett	1961	\N	Mr. Charlie
2019	Gully	Kelvin Harrison Jr.	1994	\N	Jesse
2019	Here Awhile	Joe Lo Truglio	1970	\N	Gary
2019	Here Awhile	Steven Strait	1986	\N	Michael
2019	Honey Boy	Byron Bowers	1978	\N	Percy
2019	Honey Boy	Lucas Hedges	1996	\N	Otis (22)
2019	Honey Boy	Noah Jupe	2005	\N	Otis (12)
2019	Honey Boy	Shia LaBeouf	1986	\N	James
2019	I Spit on Your Grave: Deja Vu	Jim Tavaré	\N	\N	Herman Duncan
2019	Little White Lies 2	François Cluzet	1955	\N	Max
2019	Little White Lies 2	Gilles Lellouche	1972	\N	Eric
2019	Little White Lies 2	Laurent Lafitte	1973	\N	Antoine
2019	Lost Transmissions	Simon Pegg	1970	\N	Theo Ross
2019	Mad Mom	Matthew Raudsepp	1986	\N	Luke Jones
2019	Marriage Story	Adam Driver	1983	\N	Charlie Barber
2019	Marriage Story	Azhy Robertson	\N	\N	Henry Barber
2019	Nine Nights	Malcolm Atobrah	\N	\N	Michael Haines
2019	Queen of Spades: Through the Looking Glass	Daniil Muravev	2008	\N	Artyom
2019	Queen of Spades: Through the Looking Glass	Yan Alabushev	2009	\N	Misha
2019	Ravage	Bruce Dern	1936	\N	Mallincrkrodt
2019	Ravage	Michael Weaver	1971	\N	Superintendent Slayton
2019	Ravage	Robert Longstreet	\N	\N	Ravener
2019	Rupert, Rupert & Rupert	Adam Astill	\N	\N	Angus McFadden
2019	Rupert, Rupert & Rupert	Ben Porter	1968	\N	Geoffrey Morton
2019	Rupert, Rupert & Rupert	Sandy Batchelor	\N	\N	Rupert Lindsay
2019	Someone Great	LaKeith Stanfield	1991	\N	Nate Davis
2019	The Girl with a Bracelet	Roschdy Zem	1965	\N	Bruno Bataille
2020	A Celebration of the Music from Coco	Aran de la Peña	\N	\N	Puppeteer Pepita
2020	Ballbuster	Flex Alexander	1970	\N	Luther
2020	Ballbuster	Jerry O'Connell	1974	\N	Rich
2020	Ballbuster	John Alston	\N	\N	Joe Riley
2020	Ballbuster	Mark S. Allen	\N	\N	Michelle Vagah
2020	Bloodthirsty	Greg Bryk	1972	\N	Vaughn Daniels
2020	Deported	Mickey Gooch Jr.	\N	\N	Doug
2020	Deported	Whitmer Thomas	1989	\N	Ross
2020	Fame-ish	Brian Donovan	1967	\N	Brian
2020	Fame-ish	Jeff Nimoy	1966	\N	Jeff
2020	Fame-ish	Jonathan Fahn	1965	\N	"Kyle"",""Mute Fan"
2020	Fame-ish	Lex Lang	1965	\N	Lex
2020	Fame-ish	Viron Weaver	\N	\N	Jeff's Youngest Nephew
2020	Fatal Journey	Li Ji	\N	\N	Nie Huaisang
2020	Fatal Journey	Lu Zhuo	\N	\N	\N
2020	Fatal Journey	Yizhou Wang	\N	\N	Nie Mingjue
2020	Fatal Journey	Zanjin Zhu	\N	\N	Jin Guangyao
2020	Gunned Down	Arman Bayatpour	\N	\N	Corey
2020	Gunned Down	Esteban Arellano	\N	\N	Bryan (Cartel Connect)
2020	Gunned Down	Jemyris Causey	\N	\N	Street Thug
2020	Gunned Down	Nick Alexander	\N	\N	Driver (Gunpoint Victim)
2020	House of Quarantine	Drew Leatham	\N	\N	Parker
2020	House of Quarantine	Dylan Garcia	\N	\N	Daryl
2020	House of Quarantine	Philip P Carlisle	\N	\N	Vince
2020	How to Stop a Recurring Dream	Jamie Michie	1977	\N	Paul
2020	Little White Snowflake	Devin Lauder	\N	\N	Hayden
2020	Little White Snowflake	Jack McMahan	\N	\N	Kyle
2020	Little White Snowflake	Jadon Lane	\N	\N	Donnie
2020	Little White Snowflake	Wilson Rouse	\N	\N	Chris
2020	Lorelei	Cory Ellis	\N	\N	Night Horseman
2020	Lorelei	Pablo Schreiber	1978	\N	Wayland
2020	Lorelei	Ryan Findley	\N	\N	Kurt
2020	Mary 4 Mayor	Corbin Bernsen	1954	\N	Pat
2020	NASA & SpaceX: Journey to the Future	Walton Goggins	1971	\N	Narrator
2020	Original Gangster	Adam Deacon	1983	\N	Remo
2020	Original Gangster	Daniel Caltagirone	1972	\N	Campbell
2020	Original Gangster	Ian Reddington	1957	\N	Milo Novak
2020	Original Gangster	Sean Cronin	1964	\N	Tony Thomas
2020	Original Gangster	Steve Guttenberg	1958	\N	Jean-Baptiste Philippe
2020	Original Gangster	Vas Blackwood	1962	\N	Bobby Bravo
2020	Psychos & Socios	Clayton Amon	\N	\N	James
2020	Psychos & Socios	Jonathan Meza	\N	\N	Aaron
2020	Psychos & Socios	Mayer Stern	1983	\N	Yoni
2020	Rent-A-Pal	Brian Landis Folkins	\N	\N	David
2020	Rent-A-Pal	Wil Wheaton	1972	\N	Andy
2020	Say Your Prayers	David Jenkins	\N	\N	Chorus
2020	Say Your Prayers	Harry Melling	1989	\N	Tim
2020	Say Your Prayers	Tom Brooke	1978	\N	Vic
2020	Say Your Prayers	Will Barton	\N	\N	"Walker"",""Charles"
2020	Spontaneous	Charlie Plummer	1999	\N	Dylan
2020	The Postcard Killings	Jeffrey Dean Morgan	1966	\N	Jacob Kanon
2020	The Postcard Killings	Joachim Król	1957	\N	Inspector Klau Bublitz
2020	The Swan Princess: A Royal Wedding	Joseph Medrano	\N	\N	Lord Rogers
2020	The Swan Princess: A Royal Wedding	Yuri Lowenthal	1971	\N	Derek
2020	The Woodsman	Christopher Wolfe	\N	\N	Alex Whiting
2020	The Woodsman	Michael Jude Murphy	\N	\N	Hawes
2020	They Live Inside Us	James Morris	\N	\N	"Jake"",""Masked Killer"",""Scarecrow"
2020	Underwater	Mamoudou Athie	1988	\N	Rodrigo Nagenda
2020	Underwater	T.J. Miller	1981	\N	Paul Abel
2020	Underwater	Vincent Cassel	1966	\N	Captain Lucien
2020	Unsinkable: Japan's Lost Battleship	Brad Koed	\N	\N	Narrator
2020	Valley Girl	Josh Whitehouse	1990	\N	Randy
2020	Vengeance	Billy Murray	1941	\N	Eric
2020	Vengeance	Chris Langham	1949	\N	Danny
2020	Vengeance	Freya Finnerty	\N	\N	Madison
2020	Vengeance	Jayson Wheatley	1989	\N	Toby
2020	Vengeance	Leslie Grantham	1947	2018	Ronnie
2020	Vengeance	Noel Brendan Mcalley	\N	\N	Radio Host
2020	Warmed-Over Krautrock	Adam Weber	\N	\N	Duane
2020	Warmed-Over Krautrock	Derek James Elstro	\N	\N	Chris
2020	Warmed-Over Krautrock	Jim Tavaré	\N	\N	Walt
2021	Chloe's Mountain	Adam Thayer	\N	\N	Pastor Mike
2021	Dead Again	Elliot Cable	\N	\N	PC Brody
2021	Doors	Aric Floyd	\N	\N	"Jake (segment \""Lockdown\"")"
2021	Dynasty Warriors	Justin Cheung	\N	\N	Zhang Fei
2021	Dynasty Warriors	Kai Wang	1982	\N	Cao Cao
2021	Dynasty Warriors	Louis Koo	1970	\N	Lu Bu
2021	Dynasty Warriors	Ray Lui	1956	\N	Yuan Shao
2021	Good Thief	Mari G.	\N	\N	Johnny
2021	Good Thief	Peter Donahue	\N	\N	Danny
2021	Good Thief	Robert Laenen	\N	\N	Carl
2021	Howl	Kenny Johnson	1963	\N	Levi
2021	Howl	Scott Hamm Duenas	\N	\N	Ulf
2021	Inside the Circle	Justin Lee	\N	\N	Justin
2021	Inside the Circle	Omar Mora	\N	\N	Giancarlo
2021	Liars & Cheats	Josh Burdett	\N	\N	Max
2021	Mummy Dearest	Jamie Valentine	\N	\N	Frank Thrussel
2021	Mummy Dearest	Lou Ferrigno	1951	\N	Matthew Bradley
2021	Mummy Dearest	Quinton Aaron	1984	\N	Quinton Jonesboro
2021	Music	Leslie Odom Jr.	1981	\N	Ebo
2021	Oro Arrowhead	E. Dale Johnson	\N	\N	Vant
2021	Oro Arrowhead	Jeremy Carr	\N	\N	Right Man in Old Picture
2021	Oro Arrowhead	Jermi Little	\N	\N	Hank
2021	The Shuroo Process	Donal Brophy	\N	\N	Declan Costigan
2021	The Shuroo Process	Emrhys Cooper	1985	\N	D'arcy
2021	The Spore	Jackson Ezinga	1990	\N	Thomas
2021	The Spore	Peter Tell	\N	\N	Israel
2022	Clowning	Bronson Pinchot	1959	\N	Joaquin Alvin Illingworth 3rd
2022	Clowning	Dashiell Connery	1997	\N	Tic Tac
2022	Clowning	Mike Starr	1950	\N	Detective Welles
2022	Frederick Douglass: In Five Speeches	André Holland	1979	\N	\N
2022	Frederick Douglass: In Five Speeches	Colman Domingo	1969	\N	\N
2022	Frederick Douglass: In Five Speeches	Jonathan Majors	1989	\N	\N
2022	Hotel Transylvania: Transformania	Andy Samberg	1978	\N	Jonathan
2022	Hotel Transylvania: Transformania	Jim Gaffigan	1966	\N	Van Helsing
2022	Spiderhead	Chris Hemsworth	1983	\N	Abnesti
2022	Spiderhead	Mark Paguio	\N	\N	Verlaine
2022	Spiderhead	Miles Teller	1987	\N	Jeff
2022	The Mystery of Marilyn Monroe: The Unheard Tapes	James Croft	\N	\N	John Dandoff
2022	The Mystery of Marilyn Monroe: The Unheard Tapes	Ray Bull	\N	\N	Billy Wilder
