1928	In Old Arizona	Irving Cummings	1888	1959
1929	Figaro	Tony Lekain	1888	1966
1936	Modern Times	Wilfred Lucas	1871	1940
1942	Bambi	Bill Roberts	1899	1974
1942	Bambi	Graham Heid	1909	1976
1946	Blue Skies	Stuart Heisler	1896	1979
1951	The House on Telegraph Hill	Ashmead Scott	1893	1965
1953	It Came from Outer Space	Jack Arnold	1912	1992
1953	It Came from Outer Space	Richard Carlson	1912	1977
1953	Tokyo Story	Osamu Takahashi	1929	\N
1953	Tokyo Story	Yasujirô Ozu	1903	1963
1955	To Catch a Thief	Herbert Coleman	1907	2001
1963	Cleopatra	Joseph L. Mankiewicz	1909	1993
1963	Cleopatra	Ranald MacDougall	1915	1973
1964	Woman in the Dunes	Hiroshi Segawa	\N	\N
1964	Woman in the Dunes	Hiroshi Teshigahara	1927	2001
1964	Woman in the Dunes	Kôbô Abe	1924	1993
1969	Red Pomegranate	Suren Shakhbazyan	1923	1989
1971	Shaft	John D.F. Black	1932	2018
1971	The Gang That Couldn't Shoot Straight	Jimmy Breslin	1928	2017
1972	Frenzy	Bernard Cribbins	1928	2022
1972	Fritz the Cat	Manuel Perez	1914	1981
1972	Fritz the Cat	Ted Bonnicksen	1917	1972
1972	Wedding in White	John Vidette	\N	\N
1973	The Killing Kind	Peter Saxby	\N	\N
1974	Dirty O'Neil	Leon Capetanos	\N	\N
1976	Bruce Lee: The Man, the Myth	Bruce Li	\N	\N
1976	Fellini's Casanova	Frank Dunlop	1927	\N
1976	Man on the Roof	Göran Carmback	1950	\N
1976	Man on the Roof	Thomas Hellberg	1941	2023
1977	Cross of Iron	Rodney Holland	1942	2009
1977	Cross of Iron	Roger Fritz	1936	2021
1977	Cross of Iron	Vadim Glowna	1941	2012
1977	Rabid	Jean LaFleur	\N	\N
1978	The Chant of Jimmie Blacksmith	Lorraine Mafi-Williams	\N	\N
1979	Life of Brian	Hilary Sandison	\N	\N
1979	Radio On	Christopher Petit	1949	\N
1979	Rock 'n' Roll High School	Bruce Frankel	\N	\N
1979	Rock 'n' Roll High School	Mary Woronov	1943	\N
1980	Falling in Love Again	Chip Garamella	\N	\N
1980	Falling in Love Again	Gary Conklin	\N	\N
1980	Zombie Holocaust	Romano Scandariato	1938	2010
1981	Centrespread	Greg Lynch	\N	\N
1981	You Are Not I	Nan Goldin	1953	\N
1981	You Are Not I	Stanford Singer	1956	\N
1982	La balance	Bob Swaim	1943	\N
1985	The Mean Season	Phillip Borsos	1953	1995
1985	Vagabond	Chantal Desanges	\N	\N
1986	52 Pick-Up	Amber Lynn	\N	\N
1986	Fire with Fire	Paul Boorstin	\N	\N
1986	Flodder	Cas Enklaar	1943	2022
1986	The Transformers: The Movie	Akihiro Enomoto	\N	\N
1986	The Transformers: The Movie	Dave Weathers	\N	\N
1986	The Transformers: The Movie	Jay Bacal	\N	\N
1986	The Transformers: The Movie	Kôzô Morishita	\N	\N
1986	The Transformers: The Movie	Shigeyasu Yamauchi	\N	\N
1986	The Transformers: The Movie	Yoshinori Kanemori	1949	\N
1987	Ernest Goes to Camp	John R. Cherry III	1948	2022
1987	Quel ragazzo della curva B	Mario Garbetta	\N	\N
1987	The Outing	Warren Chaney	1942	\N
1988	Dragons Forever	Yiu-Ming Leung	\N	\N
1988	Hairspray	Clayton Prince	1965	\N
1988	Powaqqatsi	Jeanine Moret	\N	\N
1988	She's Having a Baby	Kevin Cronan	\N	\N
1988	She's Having a Baby	Lisa Niemi	1956	\N
1989	Beyond Dream's Door	Nick Baldasare	\N	\N
1989	Christmas Vacation	Doug Llewelyn	1938	\N
1989	Do the Right Thing	Darnell Martin	1964	\N
1989	Do the Right Thing	Ernest R. Dickerson	1951	\N
1989	Do the Right Thing	Monty Ross	\N	\N
1989	Do the Right Thing	Spike Lee	1957	\N
1990	Dances with Wolves	Michael Blake	1945	2015
1990	Dances with Wolves	Robert Schoenhut	1940	2006
1990	Dances with Wolves	Sheldon Peters Wolfchild	1946	\N
1990	Dances with Wolves	Tantoo Cardinal	1950	\N
1990	Nightbreed	Terry Adlam	1959	\N
1990	Pump Up the Volume	Anthony Luke Lucero	1967	\N
1991	Hot Shots!	Jim Abrahams	1944	\N
1991	Hot Shots!	Kip Pierce	\N	\N
1991	Hot Shots!	Lloyd Bridges	1913	1998
1991	Hot Shots!	Valeria Golino	1965	\N
1991	Malina	Patricia Moraz	1939	2019
1991	Star Trek VI: The Undiscovered Country	Dean Jones	\N	\N
1991	Star Trek VI: The Undiscovered Country	Douglas E. Wise	\N	\N
1991	Star Trek VI: The Undiscovered Country	Faye Brenner	\N	\N
1991	Star Trek VI: The Undiscovered Country	Joseph Conti	\N	\N
1991	Star Trek VI: The Undiscovered Country	Kevin Hudson	\N	\N
1991	Star Trek VI: The Undiscovered Country	Nicholas Meyer	1945	\N
1991	Star Trek VI: The Undiscovered Country	Steven-Charles Jaffe	1951	\N
1991	Terminator 2: Judgment Day	Andrew Schmidt	\N	\N
1991	Terminator 2: Judgment Day	Arnold Schwarzenegger	1947	\N
1991	Terminator 2: Judgment Day	Martin Deluca	1968	\N
1991	Terminator 2: Judgment Day	Pete Kleinow	1934	2007
1991	The Royal Scoundrel	Kei-Yee Chik	1957	\N
1992	An Ungentlemanly Act	Stuart Urban	1958	\N
1992	Forbidden Love: The Unashamed Stories of Lesbian Lives	Charline Boudreau	\N	\N
1992	The Fencing Master	Pedro Olea	1938	\N
1992	Tom and Jerry: The Movie	J. Kevin Myers	\N	\N
1993	Posse	Bill Fishman	\N	\N
1993	Sunset Grill	Christopher Yohe	\N	\N
1993	The Cemetery Club	Bonnie Palef	\N	\N
1994	Accumulator 1	Milos Kohout	1930	\N
1994	Drop Zone	Claire Stansfield	1964	\N
1994	Farinelli	Gérard Corbiau	1941	\N
1994	Iron Will	Jeff Arch	1954	\N
1994	Speed	Beth Grant	\N	\N
1994	Speed	Dennis Hopper	1936	2010
1994	Star Trek: Generations	Christopher James Miller	1983	\N
1994	Star Trek: Generations	David Carson	\N	\N
1994	Star Trek: Generations	Jennifer Hall Lee	\N	\N
1994	Star Trek: Generations	Peter Lauritson	\N	\N
1994	Star Trek: Generations	Tim Russ	1956	\N
1994	The Chase	Sonoma Zu-Bolton	\N	\N
1994	The Lion King	Craig R. Maras	1968	\N
1994	The Lion King	Jai Anthony Lewis Husband	\N	\N
1994	The Lion King	Mike Genz	\N	\N
1994	The Lion King	Richard L. Anderson	\N	\N
1994	The Lion King	Robert O. Corley	\N	\N
1994	The Lion King	Tom Bancroft	1967	\N
1995	Desperado	Felipe Fernández del Paso	1966	\N
1995	Strange Days	Brook Susan Parker	\N	\N
1995	Strange Days	Glenn Plummer	1961	\N
1995	Strange Days	Kara Stephens	\N	\N
1995	Strange Days	Kathryn Bigelow	1951	\N
1995	Strange Days	Ray Manzarek	1939	2013
1996	Breaking the Waves	Anders Refn	1944	\N
1996	Breaking the Waves	Jonas Alexander Arnby	1974	\N
1996	Breaking the Waves	Per Kirkeby	1938	2018
1996	Forbidden City Cop	Stephen Au	1963	\N
1996	Michael Collins	Alan Stanford	1949	\N
1996	Michael Collins	Chris Menges	1940	\N
1996	The Frighteners	Karyn Childs	\N	\N
1996	The Frighteners	Michael Robinson	1959	\N
1996	The Frighteners	Paul Hunt	\N	\N
1996	The Frighteners	Phil Benson	\N	\N
1997	Color of Justice	Maria Drazilov	\N	\N
1997	Hikers	Dominique Maestrati	\N	\N
1997	Hikers	Maria Reggiani	\N	\N
1997	Hikers	Vincent Elbaz	1971	\N
1997	Retroactive	Danielle Parsons	\N	\N
1997	Retroactive	Phillip Badger	\N	\N
1997	Speed 2: Cruise Control	Jeremy Hotz	1963	\N
1997	The Man Who Knew Too Little	Howard Franklin	\N	\N
1997	The Man Who Knew Too Little	Mark Tarlov	\N	2021
1998	Kirikou and the Sorceress	Philippe Vercruyssen	\N	\N
1998	Kirikou and the Sorceress	Raymond Burlet	\N	\N
1998	Les Misu00e9rables	Stuart Renfrew	\N	\N
1999	Clouds of May	Muzaffer Özdemir	\N	\N
1999	Election	Bruce Cardozo	\N	2015
1999	Election	Jim Taylor	1962	\N
1999	Giving It Up	Daniel Einfeld	\N	\N
1999	Runaway Bride	Evan Lowenstein	1974	\N
1999	Runaway Bride	Heather Hall	\N	\N
1999	Runaway Bride	Hector Elizondo	1936	\N
2000	Shadow of the Vampire	Nicholas Elliott	\N	\N
2000	Shadow of the Vampire	Olivier Servais	\N	\N
2000	Shadow of the Vampire	Pierre Dermience	\N	\N
2000	Shadow of the Vampire	Sophie Langevin	\N	\N
2000	Shark Attack 2	John McKenney	\N	\N
2000	The Flintstones in Viva Rock Vegas	Eric Brown	1976	\N
2000	The Right Temptation	Celesta Davis	\N	\N
2000	The Right Temptation	Felecia Jones	\N	\N
2001	Da wan	Xiao-Li Xu	\N	\N
2001	Dagon	Carlos Suárez	1946	2019
2001	Dagon	Ezra Godden	\N	\N
2002	Auto Focus	Peter Kambasis	\N	\N
2002	Auto Focus	Todd Rosken	\N	\N
2002	Bad Company	Michael Browning	\N	\N
2002	Real Women Have Curves	George LaVoo	\N	\N
2002	The Scorpion King	Cliff Mueller	\N	\N
2002	The Scorpion King	Steven Brand	1969	\N
2002	The Scorpion King	Trey Clinesmith	\N	\N
2002	The Twilight Samurai	Yôji Yamada	1931	\N
2002	The Twilight Samurai	Yoshitaka Asama	1940	\N
2002	White Oleander	Mary Agnes Donoghue	\N	\N
2003	The Best of Youth	Alessio Boni	1966	\N
2003	The Best of Youth	Barbara Melega	1965	\N
2003	The Best of Youth	Luigi Lo Cascio	1967	\N
2003	The Best of Youth	Paolo Petrucci	\N	\N
2003	The Station Agent	David Dawkins	\N	\N
2003	The Station Agent	Lovisa Inserra	1975	\N
2003	The Station Agent	Vilka Tzouras	1971	\N
2004	Confessions of a Teenage Drama Queen	Max Hsu	\N	\N
2004	Confessions of a Teenage Drama Queen	Sara Sugarman	\N	\N
2004	Godzilla: Final Wars	Kenji Kohashi	1979	\N
2004	Godzilla: Final Wars	Mitsuki Harada	\N	\N
2004	Godzilla: Final Wars	Nobuhiro Kondô	\N	\N
2004	Godzilla: Final Wars	Ryûhei Kitamura	1969	\N
2004	I Heart Huckabees	Benjamin Nurick	\N	\N
2004	I Heart Huckabees	Jeff Baena	1977	\N
2004	I Heart Huckabees	Jona Newhall	\N	\N
2004	I Heart Huckabees	Kamala Lopez	\N	\N
2004	Night Watch	Aleksey Chadov	1981	\N
2004	Night Watch	Konstantin Murzenko	1969	\N
2004	The Bourne Supremacy	Aradhana Seth	\N	\N
2004	The Bourne Supremacy	Dylan Gray	\N	\N
2004	The Bourne Supremacy	Stojan Petrov	\N	\N
2004	The Clearing	Jared Seltzer	\N	\N
2004	The Clearing	Tom Arcuragi	\N	\N
2004	The Manchurian Candidate	Ashley Van Buren	\N	\N
2004	The Manchurian Candidate	Donavan Freberg	1971	\N
2004	The Manchurian Candidate	Ernest Leif Boyd	\N	\N
2004	The Manchurian Candidate	Jonathan Demme	1944	2017
2004	The Manchurian Candidate	Rhonney Greene	\N	\N
2004	The Manchurian Candidate	Sam B. Lorn	\N	\N
2004	The Manchurian Candidate	Simon McBurney	1957	\N
2004	The Manchurian Candidate	Ted Sperling	\N	\N
2004	The Manchurian Candidate	Tim Everitt	\N	\N
2005	A Bittersweet Life	Kim Ji-yong	\N	\N
2005	A Bittersweet Life	Lee Byung-hun	1970	\N
2005	Heart of the Beholder	Ken Tipton	1952	\N
2005	Heart of the Beholder	Patrick J. Kiernan	1953	\N
2005	Lords of Dogtown	Beanie Barnes	1978	\N
2005	Lords of Dogtown	Catherine Hardwicke	1955	\N
2005	Lords of Dogtown	Noël John Howard	1989	\N
2005	Lords of Dogtown	Philippe Dussol	\N	\N
2005	Lords of Dogtown	Stacy Peralta	1957	\N
2005	Red Carpet	Matheus Nachtergaele	1969	\N
2005	Robots	Dan Shefelman	\N	\N
2005	Robots	David Tart	\N	\N
2005	Robots	John C. Donkin	\N	\N
2005	Robots	Mika Ripatti	\N	\N
2005	Robots	Moonsung Lee	\N	\N
2005	Robots	Raf Anzovin	\N	\N
2005	Robots	Robert Dollase	\N	\N
2005	Robots	Terry Ziegelman	\N	\N
2005	Roll Bounce	Michelle Manas	\N	\N
2005	The Descent	Emma Farrell	\N	\N
2005	The Descent	Paul Smith	1947	\N
2005	The Devil and Daniel Johnston	Mark Krumper	\N	\N
2006	Alpha Dog	Frank Peluso	\N	\N
2006	Alpha Dog	John Pirozzi	\N	\N
2006	Alpha Dog	Rick Salomon	1968	\N
2006	Alpha Dog	Shawn Hatosy	1975	\N
2006	Bandidas	Dariela Ludlow Deloya	1976	\N
2006	Bandidas	Martial Vallanchon	\N	\N
2006	Click	Frank Coraci	1966	\N
2006	Click	Jake Hoffman	1981	\N
2006	Click	Mio Takada	\N	\N
2006	Click	Noessa Higa	\N	\N
2006	Color It Yellow	Cauvery Rajagopal	\N	\N
2006	Color It Yellow	Paran Bawa	\N	\N
2006	Color It Yellow	Rakeysh Omprakash Mehra	1963	\N
2006	Color It Yellow	Sanjay Singh	\N	\N
2006	Color It Yellow	Sunil Pandey	\N	\N
2006	Elf Bowling the Movie: The Great North Pole Elf Strike	Matt Lichtenwalter	\N	\N
2006	Eternal Summer	Leste Chen	1981	\N
2006	Hatchet	Deon Richmond	1978	\N
2006	Hatchet	John Carl Buechler	1952	2019
2006	Hatchet	Mike Jones	\N	\N
2006	Housewife, 49	Gavin Millar	1938	2022
2006	Jackass Number Two	Stephen Marsh	1986	\N
2006	The Benchwarmers	Joe Gnoffo	\N	\N
2006	The Dead Girl	Adam Park	\N	\N
2006	Unknown	Jeremy K. Fiest	1982	\N
2006	Unknown	Nate Wayman	1981	\N
2007	Descent	Jonny Leahan	\N	\N
2007	Descent	Mike Scarna	\N	\N
2007	Descent	Talia Lugacy	\N	\N
2007	Elite Squad	Erick Oliveira	\N	\N
2007	Elite Squad	José Padilha	1967	\N
2007	Elite Squad	Luiz Montes	\N	\N
2007	Elite Squad	Pedro Peregrino	\N	\N
2007	Elite Squad	Ulisses Malta Jr.	1981	\N
2007	Ex Drummer	Vildan Maksuti	1989	\N
2007	Grindhouse	Gabriel Roth	1974	\N
2007	Grindhouse	Rob DaFoe	1970	\N
2007	Joy Division	Grant Gee	1964	\N
2007	Lars and the Real Girl	Craig Gillespie	1967	\N
2007	Lars and the Real Girl	R.D. Reid	1944	2017
2007	St. Trinian's	Piers Ashworth	\N	\N
2007	The Bourne Ultimatum	Dan Guachione	\N	\N
2007	The Bourne Ultimatum	Lawrence Loewinger	\N	\N
2007	The Bourne Ultimatum	Lee Ifans	\N	\N
2007	The Bourne Ultimatum	Paul Bellany	\N	\N
2007	The Bourne Ultimatum	Uriel Emil	1975	\N
2007	The Nines	Marie Chao	1971	\N
2007	The Nines	Ron Coons	\N	\N
2008	Dark Streets	Marlene Blumert	\N	\N
2008	Dark Streets	Rachel Samuels	\N	\N
2008	Happy-Go-Lucky	Mike Leigh	1943	\N
2008	Happy-Go-Lucky	Samuel Roukin	1980	\N
2008	Happy-Go-Lucky	Tessa Morgan	\N	\N
2008	Mamma Mia!	Kirsty Mather	\N	\N
2008	Mamma Mia!	Manos Gasteratos	\N	\N
2008	Rambo	Andreas Thiesmeyer	\N	\N
2008	Rambo	Navarutt Roongaroon	\N	\N
2008	The Love Guru	Gotham Chopra	\N	\N
2008	The Love Guru	Michael Paul	\N	\N
2009	Creation	Christina Yao	\N	\N
2009	Harry Brown	Charlie Creed-Miles	1972	\N
2009	Harry Brown	Gael McLaughlin	\N	\N
2009	Last Train Home	Daniel Cross	\N	\N
2009	Mega Shark vs. Giant Octopus	Dean Kreyling	\N	\N
2009	Mega Shark vs. Giant Octopus	Serjio Rios	\N	\N
2009	Mulan: Rise of a Warrior	Jingle Ma	1957	\N
2009	The Boys Are Back	Allan Cubitt	\N	\N
2010	Crazy on the Outside	Kenton Duty	1995	\N
2010	How to Train Your Dragon	Alessandro Carloni	\N	\N
2010	How to Train Your Dragon	Jonas Fisch	\N	\N
2010	How to Train Your Dragon	Matthew Paulson	\N	\N
2010	How to Train Your Dragon	Simon Otto	1973	\N
2010	Into Our Own Hands	Mariana Otero	1963	\N
2010	Point Blank	Arnaud Rivaille	\N	\N
2010	Point Blank	Benjamin Weill	\N	\N
2010	Point Blank	Pascale Guerre	\N	\N
2010	Shit Year	Cam Archer	\N	\N
2010	Shutter Island	Gene Damian	\N	\N
2010	Shutter Island	Lars Gerhard	1969	2022
2010	Skyline	Houston Guy	\N	\N
2010	Skyline	Ian S. Takahashi	1983	\N
2010	Skyline	Josh Sutherland	\N	\N
2010	Skyline	Liam O'Donnell	1982	\N
2010	When in Rome	Abe Goldfarb	\N	\N
2010	When in Rome	Michael Hekmat	\N	\N
2010	When in Rome	Sung Rae Cho	\N	\N
2011	25 Hill	Kenny Latimer	\N	\N
2011	Anonymous	Dieter Primig	\N	\N
2011	Anonymous	Janina Hüttenrauch	\N	\N
2011	Anonymous	Nic Romm	1974	\N
2011	Anonymous	Paolo De Vita	1957	\N
2011	Anonymous	Suza Kohlstedt	\N	\N
2011	Atlas Shrugged: Part I	Gilda Garcia	\N	\N
2011	Atlas Shrugged: Part I	Paul Johansson	1964	\N
2011	Bernie	Jeremy Decker	\N	\N
2011	Bernie	Mathew Greer	\N	\N
2011	Bernie	Samuel Haun	\N	\N
2011	Black Butterflies	Richard Claus	1950	\N
2011	Buck	Luke Geissbuhler	\N	\N
2011	Cargo	Abigail Honor	\N	\N
2011	Cargo	Chris Cooper	\N	\N
2011	Estamos Juntos	Hilton Lacerda	1965	\N
2011	Estamos Juntos	Toni Venturi	1955	\N
2011	Hindenburg: The Last Flight	Marc W. Widmann	\N	\N
2011	Island	Damian Gascoigne	\N	\N
2011	Rebellion	Lionel Devuyst	\N	\N
2011	Rebellion	Nicolas Desaintquentin	\N	\N
2011	Rebellion	Yves Coméliau	\N	\N
2011	Salmon Fishing in the Yemen	Waleed Akhtar	\N	\N
2011	The Flowers of War	Atsuro Watabe	1968	\N
2012	3 A.M. 3D	Patchanon Thammajira	\N	\N
2012	A Dark Truth	James Rait	1967	\N
2012	A Fantastic Fear of Everything	Chris Hopewell	\N	\N
2012	A Fantastic Fear of Everything	Tuyet Le	\N	\N
2012	About Cherry	Chris Galdes	\N	\N
2012	About Cherry	Peter Acworth	\N	\N
2012	About Cherry	Simone Grudzen	\N	\N
2012	About Cherry	Stephen Elliott	\N	\N
2012	Alien Uprising	Adam Lock	\N	\N
2012	Alien Uprising	Bianca Brigitte Van Damme	1990	\N
2012	Alien Uprising	Daniel Joshua Fieldhouse	\N	\N
2012	Brave	Adam Wood	\N	\N
2012	Brave	Bernhard Haux	\N	\N
2012	Brave	Edward Chen	\N	\N
2012	Brave	Erick Oh	\N	\N
2012	Brave	Heidi Holman	\N	\N
2012	Brave	Jason Topolski	1975	\N
2012	Brave	Michael Phillis	\N	\N
2012	Brave	Roger Gould	\N	\N
2012	Brave	Roxanne Paredes	\N	\N
2012	Brave	Ryan Lynch	1977	\N
2012	Brave	Tiffany Taira	\N	\N
2012	Brave	Timothy Hittle	\N	\N
2012	Evoscarion: 3.0 You Can (Not) Redo	Chisa Maeda	\N	\N
2012	Evoscarion: 3.0 You Can (Not) Redo	Saori Den	\N	\N
2012	Evoscarion: 3.0 You Can (Not) Redo	Shin'ya Sugai	\N	\N
2012	Evoscarion: 3.0 You Can (Not) Redo	Yasuo Muroi	\N	\N
2012	Gone	Chip Ingram	\N	\N
2012	Gone	Scott Ash	\N	\N
2012	Halo 4: Forward Unto Dawn	Mitchell Counsell	\N	\N
2012	Ice Age: Continental Drift	Justine Warwick	\N	\N
2012	Ice Age: Continental Drift	Paul Wei	\N	\N
2012	John Carter	Alberto Hernandez	\N	\N
2012	John Carter	Alberto Luceño	1984	\N
2012	John Carter	Andrew Tulloch	\N	\N
2012	John Carter	Andy Bean	\N	\N
2012	John Carter	Ann Lukacs	\N	\N
2012	John Carter	Arvind Sond	\N	\N
2012	John Carter	Christopher Barnes	\N	\N
2012	John Carter	Dan Blacker	\N	\N
2012	John Carter	Ed Hall	\N	\N
2012	John Carter	Ilona Blyth	\N	\N
2012	John Carter	Josie Henwood	\N	\N
2012	John Carter	Kaliko Palmiera	\N	\N
2012	John Carter	Lee F. Sullivan	\N	\N
2012	John Carter	Richard Cheal	\N	\N
2012	John Carter	Russell Nunley	\N	\N
2012	John Carter	Taylor Kitsch	1981	\N
2012	John Carter	Van Phan	\N	\N
2012	Les Misu00e9rables	Alex Anstey	1978	\N
2012	Les Misu00e9rables	Samantha Barks	1990	\N
2012	Les Misu00e9rables	Shidan Majidi	\N	\N
2012	Les Misu00e9rables	Trevor Nunn	1940	\N
2012	LOL	Lendi Slover	\N	\N
2012	LOL	Thomas Colban	\N	\N
2012	Red Balls	Drew Morris	\N	\N
2012	Red Balls	Matt Pina	\N	\N
2012	Seven Psychopaths	Lisa Gunning	\N	\N
2012	She Wants Me	Kevin Acevedo	\N	\N
2012	She Wants Me	Machete Bang Bang	\N	\N
2012	She Wants Me	Maya Benten	\N	\N
2012	She Wants Me	Moe Rock	\N	\N
2012	Talaash: The Answer Lies Within	Anshul Pandey	\N	\N
2012	Talaash: The Answer Lies Within	Ayush Kapur	\N	\N
2012	Talaash: The Answer Lies Within	Karan Kapadia	1993	\N
2012	Talaash: The Answer Lies Within	Ketaki Walawalkar	\N	\N
2012	Talaash: The Answer Lies Within	Priyanka Tanwar	\N	\N
2012	Talaash: The Answer Lies Within	Rahul Rajput	\N	\N
2012	Talaash: The Answer Lies Within	Reema Kagti	\N	\N
2012	Talaash: The Answer Lies Within	Vinayak Radhakrishnan	\N	\N
2012	The Cold Light of Day	Falkwyn Goyeneche	\N	\N
2012	The Cold Light of Day	Guillermo García López	\N	\N
2012	The Cold Light of Day	Patrick de Ranter	\N	\N
2012	The First Time	Geoffrey Freedman	\N	\N
2012	The First Time	Greg Cosh	\N	\N
2012	The Twilight Saga: Breaking Dawn - Part 2	Evan Wake	\N	\N
2012	TimeScapes	Michael Curtis	\N	\N
2012	Wadjda	Sebastian Altmann	\N	\N
2012	Wanderlust	David Spiegelman	1982	\N
2012	What Maisie Knew	Sam Connelly	\N	\N
2013	Aashiqui 2	Maanavi Bedi	\N	\N
2013	Aashiqui 2	Siddhant Kumar Sachdev	\N	\N
2013	All Is Bright	Jill Hamburgo	\N	\N
2013	Cavemen	Kyriaki	\N	\N
2013	Ip Man: The Final Fight	Herman Yau	1961	\N
2013	Linsanity	Josh Chuck	\N	\N
2013	Love and Honor	Danny Mooney	1985	\N
2013	Now You See Me	Albert J. Moten Jr.	\N	\N
2013	Now You See Me	Augustine Kofie	\N	\N
2013	Now You See Me	Brian Tucker	\N	\N
2013	Now You See Me	Dobb Schreiber	\N	\N
2013	Now You See Me	Francis James	\N	\N
2013	Now You See Me	Kenneth Lass Jr.	\N	\N
2013	Now You See Me	Marie Leconte	\N	\N
2013	Now You See Me	Matthew Paul Spriggs	1986	\N
2013	Now You See Me	Nicholas Brooks	1964	\N
2013	Now You See Me	Sam Reiss	\N	\N
2013	Stay	Alexandra Hanes	\N	\N
2013	Stay	Gabrielle Authier	\N	\N
2013	The Grand Seduction	Martin Despres-Gravel	\N	\N
2013	Ugly	Abhinav Pareek	\N	\N
2013	Ugly	Puja Banerji	\N	\N
2013	Ugly	Rahul Kumar Singh	\N	\N
2013	Ugly	Vyshakh R.V.	\N	\N
2013	Unlisted Owner	Jed Brian	\N	\N
2013	Witching and Bitching	Daniel Peña	\N	\N
2014	[REC] 4: Apocalypse	Javier Brichis	\N	\N
2014	99 Homes	Arcadiy Golubovich	\N	\N
2014	99 Homes	Jarred Scott Schaeffer	\N	\N
2014	99 Homes	Ramin Bahrani	1975	\N
2014	99 Homes	Sid Montz	\N	\N
2014	A Fighting Man	Adam Venedam	\N	\N
2014	Against the Sun	Brian Peter Falk	\N	\N
2014	Beyond the Reach	Jean-Baptiste Léonetti	\N	\N
2014	Cruel Will	Arthur Romeo	\N	\N
2014	Dead Girls	Coco Wallace	\N	\N
2014	Dead Girls	Neal E. Fischer	1985	\N
2014	Hirschen	George Inci	1965	\N
2014	Hoodies vs. Hooligans	Can Somer	\N	\N
2014	Infliction	Jack Thomas Smith	\N	\N
2014	Ironclad: Battle for Blood	Ivan Pejkic	\N	\N
2014	Ironclad: Battle for Blood	Vladimir Dukelic	1982	\N
2014	Kahlil Gibran's The Prophet	Giovanni Mussio	\N	\N
2014	Kahlil Gibran's The Prophet	Kári Sturluson	\N	\N
2014	Kahlil Gibran's The Prophet	Lauren Mekhael	\N	\N
2014	Kahlil Gibran's The Prophet	Michal Socha	1981	\N
2014	Kingsman: The Secret Service	Alice Pennefather	\N	\N
2014	Kingsman: The Secret Service	Benjamin Malherbe	\N	\N
2014	Kingsman: The Secret Service	Emily Rhodes	\N	\N
2014	Kingsman: The Secret Service	Enrico De Palo	\N	\N
2014	Kingsman: The Secret Service	Geoffrey Niquet	\N	\N
2014	Kingsman: The Secret Service	Guillaume Berthoumieu	\N	\N
2014	Kingsman: The Secret Service	Ivano di Natale	\N	\N
2014	Kingsman: The Secret Service	Jim Parsons	\N	\N
2014	Kingsman: The Secret Service	Katie Goodwin	\N	\N
2014	Kingsman: The Secret Service	Luke Dodd	\N	\N
2014	Kingsman: The Secret Service	Matthew Vaughn	1971	\N
2014	Kingsman: The Secret Service	Nilan Dharmadasa	\N	\N
2014	Kingsman: The Secret Service	Patrick Malone	\N	\N
2014	Kingsman: The Secret Service	Ross Barnwell	\N	\N
2014	Kingsman: The Secret Service	Salvador Zalvidea	\N	\N
2014	Kingsman: The Secret Service	Sandrine Lurde	\N	\N
2014	Kingsman: The Secret Service	Steven Silvers	1993	\N
2014	Lone	Claire Marie Vogel	\N	\N
2014	Mommy	Julie De Lafrenière	\N	\N
2014	Mommy	Louis Cyr	\N	\N
2014	Seven Lucky Gods	Jamil Dehlavi	\N	\N
2014	Sinbad: The Fifth Voyage	Paul J. McConnochie	\N	\N
2014	The Last Passenger: A True Story	Mathieu Orcel	\N	\N
2014	The Last Saint	Thomas Rose	\N	\N
2014	The Pact II	Dory Bavarsky	\N	\N
2014	Three Brothers	Aleem Khan	1985	\N
2014	Xenia	Kostas Nikouli	\N	\N
2014	Xenia	Panagiotis Evangelidis	\N	\N
2014	Xenia	Yiannis Bougioukas	\N	\N
2015	A Frosty Affair	Jake Weidman	\N	\N
2015	A Walk in the Woods	Shay Kent	\N	\N
2015	Becoming Zlatan ...	Arthur Van den Boogaard	\N	\N
2015	Bone Tomahawk	Jon D. Wagner	\N	\N
2015	Bone Tomahawk	Mark Foscolo	\N	\N
2015	German Angst	Sven Haeberlein	\N	\N
2015	German Angst	Tom Sajewski	\N	\N
2015	Irrational Man	Eric Altieri	\N	\N
2015	Jupiter Ascending	Adam May	1979	\N
2015	Jupiter Ascending	Aimee Spinks	\N	\N
2015	Jupiter Ascending	Alexander Limpin	\N	\N
2015	Jupiter Ascending	Christopher Blasingame	\N	\N
2015	Jupiter Ascending	Danial Miller	\N	\N
2015	Jupiter Ascending	Hadeel Hadidi	\N	\N
2015	Jupiter Ascending	Lexi Kirsch	\N	\N
2015	Jupiter Ascending	Lucas Scapim	\N	\N
2015	Jupiter Ascending	Max Molinaro	\N	\N
2015	Jupiter Ascending	Nikolett Papp	\N	\N
2015	Jupiter Ascending	Scott Compton	\N	\N
2015	One More Time	Jim Forbes	1955	\N
2015	Retribution	Jorge Coira	1971	\N
2015	Retribution	Ledicia Bellón	\N	\N
2015	Tamago	Koji Hirano	\N	\N
2015	The Little Prince	Cédric Trézéguet	\N	\N
2015	The Little Prince	Evan Derushie	\N	\N
2015	The Little Prince	Gabriel Jolly Monge	\N	\N
2015	The Little Prince	Jason Boose	\N	\N
2015	The Little Prince	Mark Osborne	1970	\N
2015	The Little Prince	Robert Stevenhagen	\N	\N
2015	The Little Prince	Sylvie Trouvé	\N	\N
2015	The Little Prince	Trevor Deane-Freeman	\N	\N
2015	The Little Prince	Vincent Tonelli	\N	\N
2015	The Little Prince	William J. Saunders	\N	\N
2015	The Night Before	Elsa Levytsky	\N	\N
2015	The Sea of Trees	Aleksandar Petakov	\N	\N
2015	The Sea of Trees	Evelyn Jane Ross	\N	\N
2015	The Sea of Trees	Miles Rasmussen	\N	\N
2015	Tired Violence	Stephen McGee	\N	\N
2015	Tremors 5: Bloodlines	Callum Hill	\N	\N
2016	All We Had	Milly Guzman	\N	\N
2016	Attenborough's Life That Glows	Martin Dohrn	\N	\N
2016	Banking on Bitcoin	David Guy Levy	\N	\N
2016	Barbie: Star Light Adventure	Andrew Smith	\N	\N
2016	Edge of Winter	Emily Switzer	\N	\N
2016	Everything But a Man	Kadda Sheekoff	1993	\N
2016	Everything But a Man	Marvlyn Harrison	\N	\N
2016	Finding Sofia	Arvind Palep	\N	\N
2016	Free Fire	Callum Costello	\N	\N
2016	Free Fire	Martyn Culpan	1984	\N
2016	Free Fire	Pete Tombs	\N	\N
2016	Grease Live!	Alex Rudzinski	\N	\N
2016	Grease Live!	Julian Garcia	\N	\N
2016	Grease Live!	Thomas Kail	\N	\N
2016	Grease Live!	Tony Marion	1991	\N
2016	It's All Good	Jake Groves	\N	\N
2016	Marie Curie: The Courage of Knowledge	Andrzej Dragan	\N	\N
2016	Marie Curie: The Courage of Knowledge	Marie Noëlle	\N	\N
2016	Nina	Abdullah Helwani	1990	\N
2016	Nina	Yasmine Golchan	\N	\N
2016	Rock Dog	Matthias Lappe	\N	\N
2016	Rock Dog	Rob Feng	\N	\N
2016	Silence	Béla Baptiste	\N	\N
2016	Silence	Diego Calderón	\N	\N
2016	Silence	Sante Sabbatini	\N	\N
2016	Souvenir	Jacques Boon	1948	\N
2016	Streamer	Jared Bratt	\N	\N
2016	Taego u00c3wa	Henrique Borela	\N	\N
2016	Taego u00c3wa	Marcela Borela	\N	\N
2017	Abracadabra	Pablo Berger	1963	\N
2017	Anne Clark: I'll Walk out into Tomorrow	Claus Withopf	1972	\N
2017	Armed Response	Misty McClure	\N	\N
2017	Bullet Head	Sergey Zhelezko	\N	\N
2017	Bullet Head	Stoyan Nikolaev	\N	\N
2017	Life After Flash	Charlie Driscoll	\N	\N
2017	Life After Flash	Lisa Downs	1982	\N
2017	Mary Goes Round	Molly McGlynn	\N	\N
2017	November	Kadri Kask	\N	\N
2017	November	Miron Kundzicz	1988	\N
2017	November	Salme-Riine Uibo	1980	\N
2017	Overdrive	Antonio Negret	1982	\N
2017	Overdrive	Brice Barbier	\N	\N
2017	Overdrive	Christophe Andréi	\N	\N
2017	Overdrive	Isabelle Desalos	\N	\N
2017	Overdrive	Julien Rizzo	\N	\N
2017	Overdrive	Mickaël Collart	\N	\N
2017	Overdrive	Nathalie Vignes	\N	\N
2017	Overdrive	Simon Auquier	\N	\N
2017	Overdrive	Tom Leeb	1989	\N
2017	Phoenix Forgotten	Davon Ramos	\N	\N
2017	Phoenix Forgotten	Joy Ludwig	\N	\N
2017	Phoenix Forgotten	Nick Schwartz	\N	\N
2017	Pilgrimage	Fred Daenen	\N	\N
2017	Pilgrimage	Jamie Hannigan	\N	\N
2017	Pilgrimage	Rodrigue De Hults	\N	\N
2017	Puppet Master: Axis Termination	Dean Crownover	\N	\N
2017	Puppet Master: Axis Termination	Hugo Velazco	\N	\N
2017	Saem	Ji-hyeon Kim	\N	\N
2017	Sarah Plays a Werewolf	Silvan Zürcher	1982	\N
2017	Stronger	Frederick Neegan Trudel	\N	\N
2017	Suite 313	Aaron Pederis	\N	\N
2017	Summer Blooms	Keitarô Sakon	\N	\N
2017	Terror in Woods Creek	Tracy Lee Staton	\N	\N
2017	The Breadwinner	Anita Doron	1974	\N
2017	The Breadwinner	Emile Gignoux	\N	\N
2017	The Breadwinner	Hugo Weiss	\N	\N
2017	The Breadwinner	Jeremy Purcell	\N	\N
2017	The Breadwinner	John Peavoy	\N	\N
2017	The Breadwinner	Mark Mullery	\N	\N
2017	The Breadwinner	Rick Villeneuve	\N	\N
2017	The Brink	Jonathan Li	\N	\N
2017	The Climb	Olivier Ducray	\N	\N
2017	The Climb	Santosh Lamsal	\N	\N
2017	The Farthest	Enda O'Connor	\N	\N
2017	The Good Catholic	Jeremy Richard Snyder	\N	\N
2017	The Good Catholic	Kevin R. Carpenter	\N	\N
2017	The Good Catholic	Paul Shoulberg	\N	\N
2017	The Good Catholic	Zachary Spicer	\N	\N
2017	The Institute	Manaal Khan	\N	\N
2017	The Institute	Tina Masafret	\N	\N
2017	The Monster Project	Jo Noel Alvarez	\N	\N
2017	The Monster Project	Uzma Zakaria	\N	\N
2017	The Sixth Time	Elias Koskimies	1974	\N
2017	What Happened to Monday	Bruno Nicolas	\N	\N
2017	What Happened to Monday	David Loti	\N	\N
2017	What Happened to Monday	Edouard Jeanjean	\N	\N
2017	What Happened to Monday	Edouard Philipponnat	\N	\N
2017	What Happened to Monday	Elsa Lamy	\N	\N
2017	What Happened to Monday	Ioachim Ciobanu	1978	\N
2017	What Happened to Monday	Simon Pennequin	\N	\N
2017	What Happened to Monday	Tommy Wirkola	1979	\N
2018	A Leaf of Faith	David Baca Jr.	\N	\N
2018	Amazon Hot Box	Joelle Grace Taylor	\N	\N
2018	Amazon Hot Box	Tristan Risk	1980	\N
2018	American Animals	Dimitri Doganis	\N	\N
2018	American Animals	Douglas Anderson	\N	\N
2018	American Animals	Sam Dwyer	\N	\N
2018	Astro	Felix Sauermann	\N	\N
2018	Await Further Instructions	Jason Wingrove	\N	\N
2018	Beloved Beast	Jonathan Holbrook	\N	\N
2018	Carnivores	Yannick Renier	1975	\N
2018	Daughter of Mine	Laura Bispuri	1977	\N
2018	Down a Dark Hall	Albert Quer	\N	\N
2018	Down a Dark Hall	Domingo Andres Ramos	\N	\N
2018	Down a Dark Hall	Elena Guillen	\N	\N
2018	Down a Dark Hall	Jesús Pérez-Miranda	\N	\N
2018	Egg	Risa Mickenberg	\N	\N
2018	Eighth Grade	Dan Taggatz	\N	\N
2018	Eighth Grade	Sam Evoy	\N	\N
2018	Em Gu00e1i Mua	Tuan Anh Kawaii	\N	\N
2018	Fishbowl California	Alex Fauver	\N	\N
2018	Float Like a Butterfly	Carmel Winters	\N	\N
2018	Incredible Violence	Gaelen Patrick Condon	\N	\N
2018	Island of the Hungry Ghosts	Alex Kelly	\N	\N
2018	Island of the Hungry Ghosts	Laura Marie Wayne	\N	\N
2018	K.G.F: Chapter 1	Arshin S.	\N	\N
2018	K.G.F: Chapter 1	Jishnuvikas	2003	\N
2018	K.G.F: Chapter 1	Shivgopal Krishna	\N	\N
2018	Lizzie	Anthony Olivares	\N	\N
2018	Lizzie	Barrett House	\N	\N
2018	Lizzie	Craig William Macneill	\N	\N
2018	Lizzie	Ieva Lukauskaite	\N	\N
2018	Murderous Trance	Ulrik Bolt Jørgensen	\N	\N
2018	Nazi Overlord	Mario N. Bonassin	1972	\N
2018	Nazi Overlord	Sasha Burrow	\N	\N
2018	Outlaw King	Henry Murray-Smith	\N	\N
2018	Outlaw King	Hugo Jackson	\N	\N
2018	Outlaw King	Joseph McLean	1979	\N
2018	Outlaw King	Malcolm Rumbles	\N	\N
2018	Outlaw King	Peter Rooney	\N	\N
2018	Outlaw King	Richard Lawson	\N	\N
2018	Outlaw King	Rob Kettlewell	\N	\N
2018	Peppermint	Connor McGill	\N	\N
2018	Pimp	DeShawn White	\N	\N
2018	Playing Hard	Piotr Mazur	\N	\N
2018	Roads in February	Arlen Aguayo Stewart	\N	\N
2018	Roads in February	Katherine Jerkovic	\N	\N
2018	Scarborough	Sean Bassett	\N	\N
2018	The Big Fat Lie	Grant Dixon	\N	\N
2018	The Image Book	Dimitri Basil	1988	\N
2018	Wally Got Wasted	Adam William Ward	\N	\N
2018	Wally Got Wasted	Michael A. McGowan	\N	\N
2018	Wally Got Wasted	Ronald Quigley	\N	\N
2019	A Wreck Without You	Sarah Williams	\N	\N
2019	Adolescents	Sébastien Lifshitz	1968	\N
2019	After Midnight	Jeremy Gardner	\N	\N
2019	Already Gone	Andrea Orejarena	\N	\N
2019	Already Gone	Robyn K. Bennett	\N	\N
2019	Born in a Ballroom	Joel Wolpert	\N	\N
2019	Color Out of Space	Brendan Meyer	\N	\N
2019	Color Out of Space	Dino Estrelinha	\N	\N
2019	Color Out of Space	Pedro Arial	\N	\N
2019	Color Out of Space	Pedro Patrocínio	\N	\N
2019	Color Out of Space	Raúl Monge	\N	\N
2019	Color Out of Space	Richard Stanley	1966	\N
2019	Different Worlds	Bryan McCauley	\N	\N
2019	Don't Let Go	Adam Singer	\N	\N
2019	Don't Let Go	Alex Kugelman	\N	\N
2019	Don't Let Go	Pimvenus Clark	\N	\N
2019	Don't Let Go	Vaughndio Forbes	\N	\N
2019	Dora and the Lost City of Gold	Carolina Izquierdo Duarte	\N	\N
2019	Dora and the Lost City of Gold	Christel Pougeoise	\N	\N
2019	Eminence Hill	Robert Conway	1979	\N
2019	Everybody's Everything	Jack Harrison Sweeney	\N	\N
2019	Everybody's Everything	Jgrxxn	\N	\N
2019	Everybody's Everything	Nate Wiegman	\N	\N
2019	Good Newwz	Jignesh	\N	\N
2019	Good Newwz	Kulwinder Singh	\N	\N
2019	Good Newwz	Malang	\N	\N
2019	Good Newwz	Ranjeet Singh	\N	\N
2019	Greenlight	JonJon Blunden	\N	\N
2019	Gully	Kweku Mandela	\N	\N
2019	Gully	Nabil Elderkin	\N	\N
2019	Gully	Thomas DeGrezia	1982	\N
2019	Honey Boy	Alma Har'el	1976	\N
2019	Honey Boy	Ben Smith	\N	\N
2019	Honey Boy	Greta Jung	\N	\N
2019	Iberion	Nico Wilcox Cano	\N	\N
2019	Label Me	Kai Kreuser	1993	\N
2019	Letters from a Nut	Pierre Balloon	\N	\N
2019	Marriage Story	Kyle Bornheimer	1975	\N
2019	Marriage Story	Ruben Gloria	\N	\N
2019	Midnight Family	Daniela Alatorre	\N	\N
2019	Missbehavior	Lin Chan	\N	\N
2019	Nine Nights	Premila Puri	\N	\N
2019	Poms	Francine Ganguzza	\N	\N
2019	Poms	Nicole Ihasz	\N	\N
2019	Puppy Swap: Love Unleashed	Mike Gut	\N	\N
2019	Puppy Swap: Love Unleashed	Porter Justus	\N	\N
2019	Ravage	Christopher Walters	\N	\N
2019	Scary Stories to Tell in the Dark	Nic Osborne	\N	\N
2019	Someone Great	Caroline Rose Giuliani	1989	\N
2019	The Giant	Eric Yue	\N	\N
2019	The Great Hack	Karim Amer	\N	\N
2019	Torpedo	Eli Godfrey	\N	\N
2019	Torpedo	Sven Huybrechts	\N	\N
2020	Christmas in Evergreen: Bells Are Ringing	Shari Sharpe	\N	\N
2020	City Hall	Frederick Wiseman	1930	\N
2020	Deported	Curtis Lepore	1983	\N
2020	Deported	Greg Benson	\N	\N
2020	Deported	Jake Miller	\N	\N
2020	Deported	Jonathan Karmi	\N	\N
2020	Fame-ish	Michael Perge	\N	\N
2020	House of Quarantine	Mitesh Kumar Patel	\N	\N
2020	Little White Snowflake	Jacob Boatsman	\N	\N
2020	Lorelei	Christine Autrand Mitchell	\N	\N
2020	Original Gangster	Savvas D. Michael	\N	\N
2020	Patterns of Evidence: The Red Sea Miracle II	Timothy P. Mahoney	\N	\N
2020	Primal	John Humphreys	\N	\N
2020	Rent-A-Pal	Jason Natzke	\N	\N
2020	Say Your Prayers	Neil McLarty	\N	\N
2020	Say Your Prayers	Paul Ross	\N	\N
2020	Say Your Prayers	Zach Webster	\N	\N
2020	Spontaneous	Sarah Ayer	\N	\N
2020	The Longest War	Giacomo Ambrosini	\N	\N
2020	The Postcard Killings	Luke Ross	\N	\N
2020	The Postcard Killings	Maryam Grace	\N	\N
2020	The Trip to Greece	Charlie Dennis	\N	\N
2020	The Woodsman	Robert John Torres	\N	\N
2020	They Live Inside Us	Emily Ashby	\N	\N
2020	Tigertail	Jerry Stein	\N	\N
2020	Tread	Paul Solet	\N	\N
2020	Underwater	Art Curry	\N	\N
2020	Underwater	Brian Duffield	1985	\N
2020	Underwater	Brian Kelso-Gillespie	\N	\N
2020	Underwater	Eli B. Michaud	\N	\N
2020	Underwater	Gage Hanlon	\N	\N
2020	Underwater	Luis Usón	\N	\N
2020	Underwater	Quentin Cornillon	\N	\N
2020	Underwater	RIP Odebralski	\N	\N
2020	Underwater	Ruslan Borysov	\N	\N
2020	Underwater	Vincent Barré	\N	\N
2020	Unpregnant	Joaquin Lizarraga	1989	\N
2020	Unpregnant	Mercedes Martinez	\N	\N
2020	Unpregnant	Sahan Jayawardena	\N	\N
2020	Valley Girl	Rachel Lee Goldenberg	\N	\N
2020	Warmed-Over Krautrock	Carly Miller	\N	\N
2020	Warmed-Over Krautrock	John Dowd	\N	\N
2020	Warmed-Over Krautrock	Mark Tompkins	\N	\N
2021	All We Got	André L. Hopson	1980	\N
2021	Boy Meets Boy	Hannah Renton	\N	\N
2021	Cherry	Edward Kagutuzi	\N	\N
2021	Cherry	Kara Martinelli White	\N	\N
2021	Cherry	Lydia Kane	\N	\N
2021	Chloe's Mountain	Marla Antinoro	\N	\N
2021	Doors	Matt Van Smith	\N	\N
2021	Dynasty Warriors	Pablo Roy Bertero	\N	\N
2021	Eggs	John Michael Williams	\N	\N
2021	Ferry	Cecilia Verheyden	1985	\N
2021	Ferry	Juliette van Ardenne	1983	\N
2021	Good Thief	Lance Kawas	\N	\N
2021	Howl	Charles Huddleston	1975	\N
2021	Inside the Circle	Micah Chambers-Goldberg	\N	\N
2021	Meat Me Halfway	Brian Kateman	\N	\N
2021	Monster Pets	Adrienne Johnson	\N	\N
2021	Mummy Dearest	Anna Sherman	\N	\N
2021	Sand Dollar Cove	Michelle Liu Coughlin	\N	\N
2021	Soul Santa	Caroline Duncan	\N	\N
2021	Spiked	Roxanna Denise Stevens Ibarra	\N	\N
2021	The Black Phone	Caleb Holland	\N	\N
2021	The Black Phone	J. Gaven Wilde	2004	\N
2021	The Black Phone	Julia Tasker	1979	\N
2021	The Black Phone	Madison Landis	\N	\N
2021	The Black Phone	Will Goss	1987	\N
2021	The Card Counter	John Foss	\N	\N
2021	The Card Counter	Matt Reilly	\N	\N
2021	The Card Counter	Michael Bartolomeo	\N	\N
2021	The Green Sea	Jonathan Caffrey	\N	\N
2021	The Harder They Fall	Boaz Yakin	1966	\N
2021	The Harder They Fall	Fredrick Sinayor	\N	\N
2021	The Harder They Fall	Richard Mcafee	\N	\N
2021	The Harder They Fall	William Bright	\N	\N
2021	The Tragedy of Macbeth	Jeff Hubbard	\N	\N
2021	The Tragedy of Macbeth	Robert Gilbert	\N	\N
2021	Time Is Up	Elisa Amoruso	\N	\N
2021	Wyszynski - zemsta czy przebaczenie	Tadeusz Syka	\N	\N
2022	Anek	Sahil Tanveer	1995	\N
2022	Home Team	Daniel Kinnane	\N	\N
2022	Hotel Transylvania: Transformania	Sean Tadlock	\N	\N
2022	Jon Stewart: The Kennedy Center Mark Twain Prize for American Humor	Connor Malbeuf	\N	\N
2022	Pursuit	Brian Skiba	\N	\N
2022	Pursuit	Paul Hoeprich	\N	\N
2022	Restless	Alexandre Denjoy	\N	\N
2022	Restless	Sabrina Calmels	\N	\N
2022	Spiderhead	Behnood Behjoo	\N	\N
2022	Spiderhead	Dermot McNamara	\N	\N
2022	Spiderhead	Penn Harrison	\N	\N
2022	Spiderhead	Wanghua Huang	\N	\N
2022	The Hater	Joey Ally	\N	\N
2022	The Hater	Rachel Emerson	\N	\N
2022	The Institute	Richard Nwaoko	1990	\N
2022	The Mystery of Marilyn Monroe: The Unheard Tapes	Emma Cooper	\N	\N
2022	This Is Joan Collins	Ewa Smyk	\N	\N
2022	V for Vengeance	Kelly Halihan	\N	\N
2022	Wolf Hound	Aisha M. Farooqi	\N	\N
2022	Wolf Hound	Ami Nicole	1988	\N
2022	Wolf Hound	Janina Maria	1986	\N
