1928	In Old Arizona	Tom Barry	1885	1931
1929	Piccadilly	Arnold Bennett	1867	1931
1929	The Great Gabbo	Maurice L. Kusell	1902	1992
1932	Not Against the Flesh	Christen Jul	1887	1955
1932	Not Against the Flesh	Sheridan Le Fanu	1814	1873
1935	A Night at the Opera	Harpo Marx	1888	1964
1936	Modern Times	Hank Mann	1887	1971
1939	The Little Princess	Shirley Temple	1928	2014
1942	Bambi	Chuck Couch	1909	1987
1942	Bambi	Dick Kelsey	1905	1987
1942	Bambi	Maurice Day	\N	\N
1942	Bambi	Mel Shaw	1914	2012
1942	Bambi	Norman Wright	1910	2001
1942	Bambi	Perce Pearce	1899	1955
1942	I Married a Witch	Norman Matson	1893	1966
1942	I Married a Witch	Robert Pirosh	1910	1989
1943	Heaven Can Wait	Leslie Bush-Fekete	1896	1971
1945	The Frozen Ghost	Luci Ward	1907	1969
1947	Born to Kill	James Gunn	1920	1966
1947	Born to Kill	Walter Slezak	1902	1983
1947	Pirates of Monterey	Margaret Buell Wilder	1904	1992
1951	Othello	Hilton Edwards	1903	1982
1952	Folly to Be Wise	James Bridie	1888	1951
1953	Tokyo Story	Don Brown	\N	\N
1955	The Cockleshell Heroes	George Kent	\N	\N
1955	To Catch a Thief	John Michael Hayes	1919	2008
1956	Lust for Life	Irving Stone	1903	1989
1956	Lust for Life	Norman Corwin	1910	2011
1956	The Burmese Harp	Michio Takeyama	1903	1984
1958	Dunkirk	David Divine	1904	1987
1958	Dunkirk	Ewan Butler	\N	1974
1958	Dunkirk	J.S. Bradford	\N	\N
1958	Dunkirk	Trevor Dudley Smith	1920	1995
1958	Orders to Kill	Anthony Asquith	1902	1968
1959	Breakout	Colin Lesslie	1910	1974
1961	One Hundred and One Dalmatians	Joe Hale	1925	\N
1961	One Hundred and One Dalmatians	Mel Leven	1914	2007
1961	One Hundred and One Dalmatians	Tom Oreb	1913	1987
1962	Dr. No	Anthony Dawson	1916	1992
1962	Dr. No	Berkely Mather	1909	1996
1962	Jigsaw	Hillary Waugh	1920	2008
1962	La Jetu00e9e	Ligia Branice	1932	2022
1962	La Jetu00e9e	Pierre Joffroy	\N	\N
1963	Black Sabbath	Guy de Maupassant	1850	1893
1963	Cleopatra	Appian	0095	0165
1963	Cleopatra	Carlo Maria Franzero	1892	1986
1963	Cleopatra	Suetonius	0069	0140
1964	Fail Safe	Harvey Wheeler	1918	2004
1964	Fail Safe	Hildy Parks	1926	2004
1964	The Last Gun	James Wilde Jr.	\N	\N
1965	Vapors	Hal Sherwood	\N	\N
1967	Thanos and Despina	Nikos Papatakis	1918	2010
1968	Partner	Gianpaolo Capovilla	1945	\N
1969	Red Pomegranate	Sergei Parajanov	1924	1990
1969	True Grit	Marguerite Roberts	1905	1989
1970	Yakuza Masterpiece	Jûgo Kuroiwa	1924	2003
1971	Hannie Caulder	Bob Richards	\N	\N
1971	Hannie Caulder	David Haft	1923	2008
1971	Hannie Caulder	Ian Quicke	\N	\N
1971	Hannie Caulder	Peter Cooper	\N	\N
1971	Shaft	Gordon Parks	1912	2006
1971	Sweet Sweetback's Baadasssss Song	Niva Ruschell	1948	\N
1972	Beware! The Blob	Hana Cannon	\N	\N
1972	Beware! The Blob	Richard Clair	1935	1988
1972	Frenzy	Arthur La Bern	1909	1990
1972	Fritz the Cat	Judy Engles	\N	\N
1973	No Way Out	Alfredo Bracchi	1897	1976
1973	No Way Out	Giovanni Manganelli	\N	\N
1973	No Way Out	Roberto Gandus	\N	\N
1973	The Killing Kind	George Edwards	1924	1991
1973	The Killing Kind	Leon Mirell	1923	1978
1974	Madhouse	Gordon Clyde	1933	2008
1974	Madhouse	Greg Morrison	\N	\N
1974	The Klansman	Alvin Bojar	\N	\N
1974	Thunderbolt and Lightfoot	Carol Rydall	\N	\N
1974	Young Frankenstein	Gene Wilder	1933	2016
1974	Young Frankenstein	Mary Shelley	1797	1851
1974	Young Frankenstein	Michael Gruskoff	1935	\N
1975	The Lost Honor of Katharina Blum	Horatius Häberle	1940	\N
1976	Man on the Roof	Carl-Axel Heiknert	1924	1981
1976	Man on the Roof	Carl-Gustaf Lindstedt	1921	1992
1976	Man on the Roof	Sven Wollter	1934	2020
1976	Robin and Marian	Denis O'Dell	1923	2021
1976	Who Can Kill a Child?	José Castedo	\N	\N
1976	Who Can Kill a Child?	Juan José Plans	1943	2014
1977	Cross of Iron	James Hamilton	1943	2018
1977	Cross of Iron	John Coquillon	1930	1987
1977	Cross of Iron	Klaus Löwitsch	1936	2002
1977	Cross of Iron	Stipe Gurdulic	1925	2006
1977	Cross of Iron	Tim Page	1944	2022
1977	Rabid	Marilyn Chambers	1952	2009
1978	Blackout	Eddy Matalon	1934	\N
1978	Blackout	John Vidette	\N	\N
1978	Piranha	Heather Menzies-Urich	1949	2017
1978	The Buddy Holly Story	John Goldrosen	\N	\N
1978	The Buddy Holly Story	Robert Gittler	1942	1978
1978	The Inglorious Bastards	Franco Marotta	\N	\N
1978	The Inglorious Bastards	Laura Toscano	1944	2009
1978	The Inglorious Bastards	Michael Pergolani	1946	\N
1979	Black Jack	Andrew Bogle	\N	\N
1979	Life of Brian	Ahmed Attia	\N	\N
1979	Life of Brian	Benamar Hamida	\N	\N
1979	Life of Brian	Peter Brett	1940	\N
1979	Radio On	Heidi Adolph	\N	\N
1979	Rock 'n' Roll High School	Joseph McBride	\N	\N
1979	Rock 'n' Roll High School	Loren Lester	\N	\N
1979	Rock 'n' Roll High School	Richard Graddis	\N	\N
1979	The Frisco Kid	Frank Shaw	1932	2006
1980	Falling in Love Again	Doreen Ross	\N	\N
1980	Falling in Love Again	Hank Paul	\N	\N
1980	La insurrecciu00f3n	Werner Murawski	\N	\N
1980	Superman II	David Newman	1937	2003
1980	Superman II	Eugene Lipinski	1956	\N
1980	Superman II	Ilya Salkind	1947	\N
1981	Body Heat	Thom Sharp	\N	\N
1981	Happy Birthday to Me	Jim Hodgson	\N	\N
1981	Happy Birthday to Me	Molly-Ann Leikin	1948	\N
1982	La balance	Bernard Zitzermann	1942	2018
1982	La balance	Luc-Antoine Diquéro	\N	\N
1982	The Slumber Party Massacre	Brinke Stevens	1954	\N
1982	The Slumber Party Massacre	Carol Frank	\N	\N
1982	The Slumber Party Massacre	Joseph Alan Johnson	1957	2020
1982	Wrong Is Right	Charles McCarry	1930	2019
1982	Wrong Is Right	Don F. Dunwell	\N	\N
1983	To Be or Not to Be	Marley Sims	1948	\N
1984	Flashpoint	Ana Auther	\N	\N
1984	Flashpoint	Frank Tudisco	\N	\N
1984	Flashpoint	George LaFountaine	1934	\N
1984	Where the Green Ants Dream	Gary Foley	1950	\N
1985	Explorers	Eric Luke	\N	\N
1985	Explorers	Ray Berwick	1914	1990
1985	Massacre in Dinosaur Valley	Michele Massimo Tarantini	1942	\N
1985	Vagabond	Agnès Varda	1928	2019
1985	Vagabond	Catherine Tissier-Ventura	\N	\N
1986	52 Pick-Up	John Steppling	\N	\N
1986	Avenging Force	Robert Baird	\N	\N
1986	Fire with Fire	Duncan Gibbins	1952	1993
1986	Flodder	Dini Damave	\N	\N
1986	Flodder	Horace Cohen	1971	\N
1986	The Transformers: The Movie	Douglas Booth	\N	\N
1986	The Transformers: The Movie	Jules Bacal	1934	2019
1986	The Transformers: The Movie	Margaret Loesch	1946	\N
1986	The Transformers: The Movie	Paul Davids	\N	\N
1986	The Transformers: The Movie	Ron Friedman	1932	\N
1986	True Stories	Beth Henley	1952	\N
1986	Whoops Apocalypse	Richard Murdoch	1907	1990
1987	84 Charing Cross Road	Amy Kaplan	\N	\N
1987	84 Charing Cross Road	James Roose-Evans	1927	2022
1987	Ernest Goes to Camp	Glenn Petach	\N	\N
1987	Ernest Goes to Camp	Todd Loyd	1972	\N
1987	Prince of Darkness	Robert Grasmere	\N	\N
1987	Prince of Darkness	Shep Gordon	\N	\N
1987	Quel ragazzo della curva B	Nicola Masiello	\N	\N
1987	Quel ragazzo della curva B	Nino Masiello	\N	\N
1987	The Outing	Andra St. Ivanyi	\N	\N
1987	The Outing	Tom Daley	1947	2014
1987	Three Men and a Baby	Edward D. Murphy	\N	\N
1987	Three Men and a Baby	James Orr	1953	\N
1988	Death Collector	Jean Bodon	1949	\N
1988	Death Collector	Stuart Chapin	\N	2016
1988	Death Collector	Will Creighton	\N	\N
1988	Hairspray	Mink Stole	1947	\N
1988	Hairspray	Ray Bryant	1931	2011
1988	Hollywood Chainsaw Hookers	James Golff	1957	2017
1988	Hollywood Chainsaw Hookers	Salvatore Richichi	\N	\N
1988	It's a Mad, Mad, Mad World II	Chung-chow Ng	\N	\N
1988	Permanent Record	Alice Liddle	\N	\N
1988	Permanent Record	Jarre Fees	\N	\N
1988	Permanent Record	Marisa Silver	\N	\N
1988	Powaqqatsi	Ken Richards	\N	\N
1988	Powaqqatsi	Ray Hemenez	\N	\N
1988	She's Having a Baby	Stan Ascough	1937	2009
1988	Slugs	Juan Piquer Simón	1935	2011
1988	Slugs	Ron Gantman	\N	\N
1988	The Diamond Trap	John Minahan	\N	\N
1988	Working Girl	Joan Cusack	1962	\N
1988	Working Girl	Leslie Ayvazian	1948	\N
1988	Working Girl	Nancy Giles	1960	\N
1988	Working Girl	Raymond Hubbell	1879	1954
1989	Christmas Vacation	Matty Simmons	1926	2020
1989	Christmas Vacation	Miriam Flynn	1951	\N
1989	Do the Right Thing	Alexander Ostrovsky	\N	\N
1989	Do the Right Thing	Joie Lee	1962	\N
1989	Do the Right Thing	Robin Harris	1953	1990
1989	Do the Right Thing	Steve White	1961	\N
1989	Farewell to the King	Michael Nissman	\N	\N
1990	Dances with Wolves	Edward Gorsuch	\N	\N
1990	Dances with Wolves	Tom Byrnes	\N	\N
1990	Memphis Belle	Jonathan Richardson	\N	\N
1990	Memphis Belle	Paul Chaplin	1955	\N
1990	Nightbreed	Anne Bobby	1967	\N
1990	Nightbreed	Clive Barker	1952	\N
1990	Nightbreed	Neville Buchanan	\N	\N
1990	Pump Up the Volume	Billy Morrissette	1962	\N
1990	Pump Up the Volume	Marc Siegler	1944	\N
1991	Hot Shots!	Kevin Eads	\N	\N
1991	Star Trek VI: The Undiscovered Country	David Trotti	\N	\N
1991	Star Trek VI: The Undiscovered Country	Deborah Krainin	\N	\N
1991	Star Trek VI: The Undiscovered Country	Denny Martin Flinn	1947	2007
1991	Star Trek VI: The Undiscovered Country	Robert Easton	1930	2011
1991	Star Trek VI: The Undiscovered Country	Walter Koenig	1936	\N
1991	Terminator 2: Judgment Day	Jim Palmer	\N	\N
1991	Terminator 2: Judgment Day	Mark Christopher Lawrence	1964	\N
1991	Terminator 2: Judgment Day	William Wisher	\N	\N
1991	Zodiac Killers	Tadao Satô	1930	2022
1992	The Fencing Master	Antonio Larreta	1922	2015
1992	The Fencing Master	Francisco Prada	\N	\N
1992	Tom and Jerry: The Movie	Bill Ho	\N	\N
1992	Tom and Jerry: The Movie	George Chialtas	1953	\N
1993	Posse	Charles Lane	1953	\N
1993	Sunset Grill	Marcus Wright	\N	\N
1993	The Cemetery Club	Ivan Menchell	1961	\N
1994	Accumulator 1	Ivan Vyskocil	1929	2023
1994	Accumulator 1	Jan Slovák	1964	\N
1994	Accumulator 1	Marek Skarpa	1972	\N
1994	Accumulator 1	Petr Forman	1964	\N
1994	Drop Zone	Tony Griffin	1959	\N
1994	Farinelli	Domenico Lalli	\N	\N
1994	Farinelli	Giacomo Rossi	\N	\N
1994	Milk Money	John Mattson	\N	\N
1994	Only You	Diane Drake	\N	\N
1994	Only You	Eric Kornick	\N	\N
1994	Speed	Carmen Williams	\N	\N
1994	Speed	Ed Arneson	\N	\N
1994	Speed	Margaret Medina	\N	\N
1994	Speed	Ron Brinkmann	\N	\N
1994	Star Trek: Generations	John Schlag	1960	\N
1994	The Lion King	Christopher Vogler	\N	\N
1994	The Lion King	Gary Trousdale	1960	\N
1994	The Lion King	Jim Fowler	1930	2019
1994	The Lion King	Jo Anne Adams	\N	\N
1994	The Lion King	Mike Hazy	\N	2004
1994	The Lion King	Norma Klingler	\N	\N
1994	The Lion King	Roger Allers	\N	\N
1994	The Lion King	Teresita Quezada	\N	\N
1995	Desperado	Angel Aviles	\N	\N
1995	Strange Days	Lori Carson	\N	\N
1995	Strange Days	Ray Chang	\N	\N
1995	Strange Days	Richard Edson	1954	\N
1995	Strange Days	Stefan Arngrim	1955	\N
1995	The Day of the Beast	Álex de la Iglesia	1965	\N
1995	The Day of the Beast	Andrés Vicente Gómez	1943	\N
1995	The Day of the Beast	José Alias	\N	\N
1995	The Tuskegee Airmen	Mary Louise Stoughton	\N	\N
1996	Basquiat	John Bowe	1964	\N
1996	Basquiat	Michael Holman	\N	\N
1996	Basquiat	Peter Soldinger	\N	\N
1996	Breaking the Waves	Anders Johannes Bukh	\N	\N
1996	Breaking the Waves	John Goodwin	\N	\N
1996	Breaking the Waves	Kirsten Bonnén Rask	\N	\N
1996	Michael Collins	Adrienne Michel-Long	\N	\N
1996	Michael Collins	Barry DeVault	1949	\N
1996	Michael Collins	Owen O'Neill	\N	\N
1996	The Frighteners	Carey Carter	\N	\N
1996	The Frighteners	Frank Edwards	\N	\N
1996	The Frighteners	Jim Fyfe	\N	\N
1996	The Frighteners	John Leigh	1965	\N
1996	The Frighteners	Ken Blackburn	1935	\N
1997	Amnesia	Christopher Belden	\N	\N
1997	Amnesia	David Henry	\N	\N
1997	Hikers	Nelly Ryher	\N	\N
1997	Hikers	Philippe Harel	1956	\N
1997	Speed 2: Cruise Control	Bret Barrett	\N	\N
1997	Speed 2: Cruise Control	Kimmy Robertson	1954	\N
1997	The Brave	Gregory McDonald	1937	2008
1997	The Brave	John Hathcock	\N	\N
1997	The Man Who Knew Too Little	Jason Lewis	\N	\N
1997	The Man Who Knew Too Little	Linda Broughton	\N	\N
1997	The Man Who Knew Too Little	Maureen Donegan	\N	\N
1997	The Man Who Knew Too Little	Robert Farrar	\N	\N
1998	Clay Pigeons	Matthew L. Healy	\N	\N
1998	Kirikou and the Sorceress	Gérald Dupeyrot	\N	\N
1998	Les Misu00e9rables	David McKay	\N	\N
1998	Les Misu00e9rables	Petr Strnad	1970	\N
1998	Les Misu00e9rables	Victor Hugo	1802	1885
1998	Mel	Richard Cohen	\N	\N
1998	Senseless	Alex K. Eissinmann	\N	\N
1998	The Port of Last Resort	Joan Grossman	\N	\N
1999	David Cross: The Pride Is Back	Tim Wilcox	\N	\N
1999	Election	James Devney	1947	2015
1999	Mickey Blue Eyes	Kevin Kean Murphy	1949	2022
1999	Runaway Bride	Adrienne Follese	\N	\N
1999	Runaway Bride	Karen Stirgwolt	\N	\N
1999	Runaway Bride	Tammy Hyler	\N	\N
1999	Stigmata	Jack Donner	1928	2019
1999	Stigmata	Rick Ramage	\N	\N
1999	Stigmata	Rupert Wainwright	1962	\N
1999	Stigmata	Tom Lazarus	1942	\N
1999	The Out-of-Towners	Christopher Duva	\N	\N
2000	Alone with a Stranger	Peter Liapis	1949	\N
2000	Alone with a Stranger	Richard Dana Smith	\N	\N
2000	Ditto	Jeong-kwon Kim	1969	\N
2000	Ditto	Yoo Ji-tae	1976	\N
2000	Leprechaun 5: In the Hood	Alan Reynolds	\N	\N
2000	Leprechaun 5: In the Hood	Doug Hall	\N	\N
2000	Leprechaun 5: In the Hood	Jon Huffman	\N	\N
2000	Shadow of the Vampire	E. Elias Merhige	1964	\N
2000	Shadow of the Vampire	Luciano Berriatúa	1949	\N
2000	Shadow of the Vampire	Mike Fox	1936	\N
2000	Shadow of the Vampire	Myriam Muller	1971	\N
2000	The Convent	Jennifer Buttell	\N	\N
2000	The Flintstones in Viva Rock Vegas	William Mark Howard	1972	\N
2000	The Last Musketeer	Sebastian Secker-Walker	1962	\N
2000	The Right Temptation	Paul Maslak	\N	\N
2001	Da wan	Kang Shi	\N	\N
2001	Fish People	Jorge Iglesias	\N	\N
2001	Fish People	Mauro Entrialgo	1965	\N
2001	See Spot Run	Dan Baron	\N	\N
2001	The Flamingo Rising	Larry Baker	\N	\N
2002	Bad Company	Ammar Daraiseh	1969	\N
2002	Bad Company	Bizarre	1976	\N
2002	Bad Company	Chris Laker	\N	\N
2002	Bad Company	D12	\N	\N
2002	Bad Company	David Himmelstein	\N	\N
2002	Bad Company	Gary M. Goodman	\N	\N
2002	Below	Lucas Sussman	\N	\N
2002	Below	Pip Hare	\N	\N
2002	Max	Zsolt Pocsai	\N	\N
2002	The Good Thief	Georges Aber	1930	2012
2002	The Good Thief	Matthew Billingsly	\N	\N
2003	The Best of Youth	Fabrizio Gifuni	1966	\N
2003	The Best of Youth	Stefano Rulli	1949	\N
2003	The Station Agent	Bobby Cannavale	1970	\N
2004	Confessions of a Teenage Drama Queen	Dyan Sheldon	\N	\N
2004	Confessions of a Teenage Drama Queen	Gail Parent	1940	\N
2004	Confessions of a Teenage Drama Queen	Jerry Leider	\N	\N
2004	Godzilla: Final Wars	Shogo Tomiyama	1952	\N
2004	I Heart Huckabees	Austin Formato	\N	\N
2004	I Heart Huckabees	Darlene Hunt	1970	\N
2004	I Heart Huckabees	Paul Stenerson	\N	\N
2004	I Heart Huckabees	Saige Ryan	1995	\N
2004	Intimate Strangers	Catherine Cabrol	\N	\N
2004	Night Watch	Darian Weiss	1992	\N
2004	Night Watch	Igor Pismennyy	1966	\N
2004	Night Watch	Mikhail Matusovsky	1913	1990
2004	Night Watch	Nikolay Olyalin	1941	2009
2004	Night Watch	Yuli Burkin	\N	\N
2004	The Bourne Supremacy	Akshay Roy	1979	\N
2004	The Bourne Supremacy	E. Dominique Brown	\N	\N
2004	The Bourne Supremacy	Ethan Sandler	1972	\N
2004	The Bourne Supremacy	Rosanne Flynn	\N	\N
2004	The Bourne Supremacy	Shawn Stallworth	\N	\N
2004	The Bourne Supremacy	Vyacheslav Barkovskiy	\N	\N
2004	The Clearing	Peter Gannon	\N	\N
2004	The Manchurian Candidate	Adam LeFevre	1950	\N
2004	The Manchurian Candidate	Darrell Larson	1950	\N
2004	The Manchurian Candidate	Forrest Sawyer	1949	\N
2004	The Manchurian Candidate	Mary Tobler	1974	\N
2004	The Manchurian Candidate	Mitch Roberson	\N	\N
2004	The Manchurian Candidate	Paul Lazar	\N	\N
2004	The Manchurian Candidate	Roy Blount Jr.	1941	\N
2004	Vanity Fair	Payal Sethi	\N	\N
2005	A Bittersweet Life	Dong-Cheol Kim	\N	\N
2005	A Bittersweet Life	Jee-woon Kim	1964	\N
2005	Heart of the Beholder	James Underdown	\N	\N
2005	London	Hunter Richards	\N	\N
2005	London	Jason Lerner	\N	\N
2005	Lords of Dogtown	Greg Beato	\N	\N
2005	Lords of Dogtown	John H. Price	\N	\N
2005	Lords of Dogtown	Paulette Ivory	\N	\N
2005	Lords of Dogtown	Samantha Lockwood	1982	\N
2005	Red Carpet	Luís Alberto Pereira	1951	\N
2005	Red Carpet	Rosa Nepomuceno	\N	\N
2005	Robots	Al Roker	1954	\N
2005	Robots	Christian Kaplan	\N	\N
2005	Robots	Harland Williams	1962	\N
2005	Robots	John Cohen	\N	\N
2005	The Descent	Edward Evers-Swindell	\N	\N
2005	The Descent	Jacqueline Fowler	\N	\N
2005	The Descent	MyAnna Buring	1979	\N
2005	The Descent	Neil Marshall	1970	\N
2005	The Descent	Nora-Jane Noone	1984	\N
2005	The Descent	Sophie Trott	\N	\N
2005	The Devil and Daniel Johnston	Jeff Feuerzeig	\N	\N
2006	Alpha Dog	Luis Esteban	\N	\N
2006	Alpha Dog	Xan Cassavetes	1965	\N
2006	Bandidas	Eric Puertas	\N	\N
2006	Bandidas	Martin Coiffier	1973	\N
2006	Click	Jeremy Tate	1978	\N
2006	Click	Madhu Sudhanan	\N	\N
2006	Click	Morgan Davis Foehl	\N	\N
2006	Color It Yellow	Amol Gole	\N	\N
2006	Color It Yellow	Cyrus Sahukar	1980	\N
2006	Color It Yellow	Promita Bhattacharya	\N	\N
2006	Eternal Summer	Cheng-Ping Hsu	\N	\N
2006	Housewife, 49	Laura Power	\N	\N
2006	Housewife, 49	Nella Last	1889	1968
2006	Jackass Number Two	Bam Margera	1979	\N
2006	Jackass Number Two	Benzo Theodore	\N	\N
2006	Jackass Number Two	Chris Pontius	1974	\N
2006	Jackass Number Two	Ehren McGhehey	1976	\N
2006	Jackass Number Two	Jason 'Wee Man' Acuña	1973	\N
2006	Jackass Number Two	Mark Lewman	\N	\N
2006	Jackass Number Two	Ryan Dunn	1977	2011
2006	Jackass Number Two	Thor Drake	\N	\N
2006	Pumpkinhead: Ashes to Ashes	Barbara Werner	\N	\N
2006	The Benchwarmers	Chad Gilbert	1981	\N
2006	The Benchwarmers	Craig Kilborn	1962	\N
2006	Unknown	James Smith-Hill	\N	\N
2006	Unknown	John Yull	\N	\N
2006	Unknown	Kaito Voloj	\N	\N
2006	Unknown	Stephen Hays	\N	\N
2007	Black Water	Andrew Traucki	\N	\N
2007	Black Water	Andy Rodoreda	\N	\N
2007	Black Water	David Nerlich	\N	\N
2007	Black Water	Mike Cowap	\N	\N
2007	Descent	Brian Priest	\N	\N
2007	Descent	Tommy Guiffre	1975	\N
2007	Elite Squad	André Batista	\N	\N
2007	Elite Squad	André Di Mauro	1964	\N
2007	Elite Squad	Daniel Rezende	1975	\N
2007	Elite Squad	Rod Carvalho	1975	\N
2007	Elite Squad	Rodrigo Pimentel	1971	\N
2007	Ex Drummer	Herman Brusselmans	1957	\N
2007	Grindhouse	David R. Evans	\N	\N
2007	Joy Division	Dick Verdult	\N	\N
2007	Lars and the Real Girl	Paul Schneider	1976	\N
2007	Lars and the Real Girl	William Koon	\N	\N
2007	The Bourne Ultimatum	Branko Tomovic	1980	\N
2007	The Bourne Ultimatum	Dino Muccio	\N	\N
2007	The Bourne Ultimatum	Gawain Liddiard	\N	\N
2007	The Bourne Ultimatum	Oliver Veysey	\N	\N
2007	The Bourne Ultimatum	Paul Slatter	\N	\N
2007	The Nines	Lionel Bart	1930	1999
2007	The Nines	Mike Mannino	1982	\N
2007	The Nines	Tom Brickner	\N	\N
2008	Dachimawa Lee	Hyeok-jae Kwon	\N	\N
2008	Dark Streets	Wallace King	\N	\N
2008	Gigantic	Matt Aselton	\N	\N
2008	Happy-Go-Lucky	Elliot Cowan	1976	\N
2008	Happy-Go-Lucky	Sally Hawkins	1976	\N
2008	Mamma Mia!	Georgia Sarantopoulos	\N	\N
2008	Mamma Mia!	Juan Pablo Di Pace	1979	\N
2008	Mamma Mia!	Judy Craymer	\N	\N
2008	Rambo	Inthira Sawantrat	\N	\N
2008	The Love Guru	Bob Bainborough	\N	\N
2008	The Love Guru	Carmen Albano	\N	\N
2008	The Love Guru	Daniel Tosh	1975	\N
2008	The Love Guru	David Reon Nguyen	\N	\N
2008	The Love Guru	Deepak Chopra	1946	\N
2008	The Love Guru	James Ireland	\N	\N
2008	The Love Guru	Mike 'Nug' Nahrgang	\N	\N
2008	The Love Guru	Sam Sklaver	\N	\N
2008	The Love Guru	Samantha Bee	1969	\N
2008	The Love Guru	Seán Cullen	1965	\N
2008	When They Cry	Ataru Oikawa	\N	\N
2009	Chicago Overcoat	Andrew Dowd	\N	\N
2009	Chicago Overcoat	Doug Cochrane	\N	\N
2009	Chicago Overcoat	Jessica Christopher	\N	\N
2009	Chicago Overcoat	Rachel Stratman	1985	\N
2009	Make the Yuletide Gay	Kelly Keaton	\N	\N
2009	Make the Yuletide Gay	Rob Williams	\N	\N
2009	Make the Yuletide Gay	Rodney Johnson	\N	\N
2009	Mega Shark vs. Giant Octopus	Jack Perez	\N	\N
2009	Overheard	Felix Chong	1968	\N
2009	Overheard	Yong Zhang	\N	\N
2009	Secret	Je-gu Yun	\N	\N
2009	The Maid	Edgar San Juan	1970	\N
2009	The Maid	Pedro Peirano	\N	\N
2010	A View of Love	Frédéric Bélier-Garcia	1965	\N
2010	A View of Love	Mehdi Salmi	\N	\N
2010	Breaking the Press	Charles McKinney	\N	\N
2010	How to Train Your Dragon	Ben Frahm	1982	\N
2010	How to Train Your Dragon	Charlie Petrek	\N	\N
2010	How to Train Your Dragon	Chris Sanders	1962	\N
2010	How to Train Your Dragon	Ian Ruskin	\N	\N
2010	How to Train Your Dragon	Jabari Phillips	\N	\N
2010	How to Train Your Dragon	Paul McEvoy	\N	\N
2010	How to Train Your Dragon	Sonny Aguirre Jr.	\N	\N
2010	Knucklehead	Bear Aderhold	\N	\N
2010	Knucklehead	Charles R DeJournett	\N	\N
2010	Knucklehead	Tom Sullivan	\N	\N
2010	Point Blank	Fred Cavayé	\N	\N
2010	Rubber	Julien Berlan	\N	\N
2010	Rubber	Quentin Dupieux	1974	\N
2010	Rubber	Wings Hauser	1947	\N
2010	Shit Year	Robert Petrarca	\N	\N
2010	Shutter Island	Gregory Chiodo	\N	\N
2010	Skyline	SkyBlu	\N	\N
2010	The Alien Girl	Sergei Sokolyuk	\N	\N
2010	The Alien Girl	Vladimir Nesterenko	\N	\N
2010	When in Rome	George Deihl Jr.	1973	\N
2010	When in Rome	Jessica Howell	\N	\N
2010	When in Rome	Kate Micucci	1980	\N
2010	When in Rome	Nora Kubach	\N	\N
2010	When in Rome	Robb Fitzgerald	\N	\N
2010	When in Rome	Tommaso Matelli	1985	\N
2011	25 Hill	Andrew Nelisse	\N	\N
2011	Anonymous	Isaiah Michalski	1998	\N
2011	Anonymous	Laura Lo Zito	1985	\N
2011	Anonymous	Manfred Banach	1955	\N
2011	Anonymous	Pit Kuhlmann	1966	\N
2011	Atlas Shrugged: Part I	Angela Trevino	\N	\N
2011	Atlas Shrugged: Part I	Jimmie Myers	\N	\N
2011	Atlas Shrugged: Part I	Josephine Gorchoff	\N	\N
2011	Atlas Shrugged: Part I	Matt McCombs	1969	2019
2011	Bernie	Darby Parker	\N	\N
2011	Bernie	David McFadzean	\N	\N
2011	Bernie	Jason William Marlow	\N	\N
2011	Bernie	Lara Britton	\N	\N
2011	Black Butterflies	Sander Vos	\N	\N
2011	Code Blue	Jasper Wolf	\N	\N
2011	Code Blue	Sam de Man	\N	\N
2011	Code Blue	Urszula Antoniak	1968	\N
2011	Estamos Juntos	Bruno Della Latta	\N	\N
2011	George Harrison: Living in the Material World	Dean Grakal	\N	\N
2011	Hindenburg: The Last Flight	Christer von Lindequist	\N	\N
2011	Ice Age: A Mammoth Christmas	Alan Camilo	\N	\N
2011	In the Name of the King: Two Worlds	Arnaud Tabarly	\N	\N
2011	Intruders	Juan Carlos Fresnadillo	1967	\N
2011	Intruders	Nicolás Casariego	\N	\N
2011	Private Romeo	Alan Brown	\N	\N
2011	Rebellion	Pierre Geller	\N	\N
2011	Rebellion	Vincent Heneine	1987	\N
2011	Salmon Fishing in the Yemen	Stephen Garrett	1957	\N
2011	Septien	Michael Tully	\N	\N
2011	Showgirls 2: Penny's from Heaven	Chris Saranchock	\N	\N
2011	The Flowers of War	LeeAnne Yu	\N	\N
2011	The Lovers' Guide: Igniting Desire	Robert Page	\N	\N
2012	3 A.M. 3D	Kirati Rarikrak	\N	\N
2012	3 A.M. 3D	Stadio	\N	\N
2012	A Dark Truth	Damian Lee	1950	\N
2012	A Dark Truth	Juana Samper	\N	\N
2012	A Dark Truth	Lara Daans	\N	\N
2012	A Dark Truth	Rod Carley	\N	\N
2012	A Fantastic Fear of Everything	Crispian Mills	1973	\N
2012	A Fantastic Fear of Everything	Jane Stanness	\N	\N
2012	About Cherry	Aaron Davidson	\N	\N
2012	About Cherry	Alexa Inkeles	\N	\N
2012	About Cherry	Conrad Doucette	\N	\N
2012	About Cherry	J.J. Islas	\N	\N
2012	Alien Uprising	Dave Ainley	\N	\N
2012	American Maniacs	Cameron Haines	\N	\N
2012	Brave	Barry Johnson	\N	\N
2012	Brave	Billy Connolly	1942	\N
2012	Brave	Bradley Furnish	\N	\N
2012	Brave	Brian Larsen	\N	\N
2012	Brave	Charlene Wang	\N	\N
2012	Brave	Erick Ziegler	1973	\N
2012	Brave	Irene Mecchi	1949	\N
2012	Brave	Kate Lock	\N	\N
2012	Brave	Mark C. Harris	\N	\N
2012	Brave	Stephen Gregory	\N	\N
2012	Brave	Steven Clay Hunter	\N	\N
2012	Brave	Tim Babb	\N	\N
2012	Brave	Valerie LaPointe	1981	\N
2012	Gone	Dan Schaefer	\N	\N
2012	Guns, Girls and Gambling	Konstantin Vitkin	\N	\N
2012	Halo 4: Forward Unto Dawn	Aaron Helbing	\N	\N
2012	Halo 4: Forward Unto Dawn	Darren O'Hare	\N	\N
2012	Halo 4: Forward Unto Dawn	Ryan Copple	\N	\N
2012	Ice Age: Continental Drift	Joy Behar	1942	\N
2012	Ice Age: Continental Drift	Patrick Harpin	1989	\N
2012	John Carter	Edgar Rice Burroughs	1875	1950
2012	John Carter	Eyvonne Williams	\N	\N
2012	John Carter	Mark Andrews	1968	\N
2012	John Carter	Mayec Rancel	\N	\N
2012	John Carter	Michael Ling	\N	\N
2012	John Carter	Simon Evans	\N	\N
2012	John Carter	Sophie Chometton	\N	\N
2012	Les Misu00e9rables	Alain Boublil	1941	\N
2012	Les Misu00e9rables	Helen Cotterill	1939	\N
2012	Les Misu00e9rables	Jean-Marc Natel	1942	\N
2012	LOL	Kamir Aïnouz	\N	\N
2012	LOL	Lydia Whitlock	\N	\N
2012	Maladies	Carter	1970	\N
2012	Seven Psychopaths	Michael Coscia	\N	\N
2012	She Wants Me	Rob Margolies	1983	\N
2012	She Wants Me	Yasuhiro Motobe	\N	\N
2012	Talaash: The Answer Lies Within	Om Prakash	\N	\N
2012	The Cold Light of Day	Greg Martin	\N	\N
2012	The Cold Light of Day	Luken Hidalgo	\N	\N
2012	The Cold Light of Day	Mabrouk El Mechri	1976	\N
2012	The Cold Light of Day	Noor Ahmed	\N	\N
2012	The Cold Light of Day	Roschdy Zem	1965	\N
2012	The Cold Light of Day	Scott Wiper	1970	\N
2012	The Drudgery Train	Kenta Nishimura	\N	2022
2012	The Twilight Saga: Breaking Dawn - Part 2	Erik Odom	\N	\N
2012	The Twilight Saga: Breaking Dawn - Part 2	Lisa Calhoun	\N	\N
2012	TimeScapes	Brent Huffman	\N	\N
2012	TimeScapes	Mario Feil	\N	\N
2012	Wadjda	Viola Franke	\N	\N
2012	Wanderlust	Whitney Teubner	\N	\N
2012	Wanderlust	Zac Oyama	\N	\N
2012	What Maisie Knew	Henry James	1843	1916
2012	What Maisie Knew	Nancy Doyne	\N	\N
2013	Aashiqui 2	Sandeep Nath	\N	\N
2013	Aashiqui 2	Shagufta Rafique	1965	\N
2013	Cavemen	Herschel Faber	\N	\N
2013	Ip Man: The Final Fight	He Jiang	\N	\N
2013	Linsanity	Candy Richardz	\N	\N
2013	Love and Honor	Charlotte Ubben	\N	\N
2013	Love and Honor	Julian Gant	\N	\N
2013	Love and Honor	Kelci Parker	\N	\N
2013	Now You See Me	Cécile Maistre	1967	\N
2013	Now You See Me	Edward Ricourt	\N	\N
2013	Now You See Me	Kevin Chang	\N	\N
2013	Now You See Me	Laura Cayouette	\N	\N
2013	Now You See Me	Robert Bagnell	\N	\N
2013	Now You See Me	Ryan LeBoeuf	\N	\N
2013	Now You See Me	Sean Lynn	\N	\N
2013	Stay	Aislinn Hunter	\N	\N
2013	Talea	Katharina Mückstein	\N	\N
2013	Talea	Selina Gnos	\N	\N
2013	Ugly	Akhilesh Jaiswal	1986	\N
2013	Ugly	Madhavi Singh	\N	\N
2013	Ugly	Rohit Pandey	\N	\N
2013	Ugly	Saqib Pandor	\N	\N
2013	Ugly	Veer Kumar Singh	\N	\N
2014	[REC] 4: Apocalypse	Javier Laorden	\N	\N
2014	4 Moons	Isaac Basulto	\N	\N
2014	99 Homes	Micah Bloomberg	\N	\N
2014	Against the Sun	Mark David Keegan	\N	\N
2014	Beyond the Reach	Paolo Michelazzo	\N	\N
2014	Cruel Will	Sal Catalano	1963	\N
2014	Dead Girls	David Nevarez	\N	\N
2014	Dead Girls	Del Lowry	\N	\N
2014	Dead Girls	Jessica Oberhausen	\N	\N
2014	Dead Girls	Jon Kasunic	\N	\N
2014	Future Shock! The Story of 2000AD	D'Israeli	\N	\N
2014	Future Shock! The Story of 2000AD	Lee Garbett	\N	\N
2014	Honeymoon	Ben Huber	\N	\N
2014	Honeymoon	Michelle Filkoff	\N	\N
2014	Honeymoon	Paul Lewis Anderson	\N	\N
2014	Infliction	Errol M. Wright	\N	\N
2014	Ironclad: Battle for Blood	Milos Djukelic	1976	\N
2014	Ironclad: Battle for Blood	Stephen McDool	\N	\N
2014	Kingsman: The Secret Service	Dan Gage	\N	\N
2014	Kingsman: The Secret Service	Lee F. Sullivan	\N	\N
2014	Mommy	Alexandre Goyette	\N	\N
2014	Mommy	Guillaume Laurin	\N	\N
2014	Mommy	Jeff Stinco	1975	\N
2014	Mommy	Justin Laramée	\N	\N
2014	Mommy	Sebastien Lefebvre	1981	\N
2014	Mommy	Suzanne Clément	1969	\N
2014	Pulp: A Film About Life, Death & Supermarkets	Florian Habicht	\N	\N
2014	Pulp: A Film About Life, Death & Supermarkets	Sami Ibrahim	\N	\N
2014	Set Me Free	Tae-yong Kim	1987	\N
2014	Seven Lucky Gods	Francis King	\N	\N
2014	The Last Saint	Peter Hayden	1949	\N
2014	The Pact II	Patrick Horvath	\N	\N
2014	The Royal Tailor	Byounghak Lee	\N	\N
2014	The Trip to Italy	Ronni Ancona	1966	\N
2014	The Trip to Italy	Sean Keaney	\N	\N
2014	When Sparks Fly	Jacqueline Samuda	\N	\N
2014	Xenia	Francois Jonquet	\N	\N
2014	Xenia	Giannis Geranios	\N	\N
2014	Xenia	Kathleen de Béthune	\N	\N
2014	Xenia	Mimis Thiopoulos	1927	2010
2014	Xenia	Vasilis Trigonakis	\N	\N
2015	A Walk in the Woods	Ken Kwapis	1957	\N
2015	Black	Bilall Fallah	1986	\N
2015	Black	Dirk Bracke	1953	2021
2015	Black	Nele Meirhaeghe	\N	\N
2015	Black	Nina Caspari	\N	\N
2015	Christmas Eve	Mitch Davis	\N	\N
2015	Christmas Eve	Tyler McKellar	\N	\N
2015	German Angst	Goran Mimica	\N	\N
2015	I Am Dragon	Aleksey Arsenev	\N	\N
2015	Impact Earth	Conor Riley	\N	\N
2015	Irrational Man	Beth Slater Whitson	1879	1930
2015	Irrational Man	Brian Bouyea	\N	\N
2015	Irrational Man	Ethan Phillips	1955	\N
2015	Jupiter Ascending	Michael Wilson	\N	\N
2015	Jupiter Ascending	Sarah Campbell	\N	\N
2015	Jupiter Ascending	Savanna Wrobel	\N	\N
2015	Jupiter Ascending	Zach Lorkiewicz	\N	\N
2015	Landraub	Christian Brüser	\N	\N
2015	Mystery in Yellowstone	Christian Lemmer	\N	\N
2015	Natasha	David Bezmozgis	\N	\N
2015	One More Time	Danny Fischer	\N	\N
2015	Retribution	Alberto Marini	1972	\N
2015	Retribution	Celia Parra	\N	\N
2015	Retribution	Dani de la Torre	1975	\N
2015	Retribution	Elvira Mínguez	1965	\N
2015	Retribution	Laura Río	\N	\N
2015	Retribution	Xosé Barato	1979	\N
2015	The Little Prince	Damien D'Amico	\N	\N
2015	The Little Prince	Joanne Geha	\N	\N
2015	The Little Prince	Philip Eddolls	\N	\N
2015	The Night Before	Elliot Barnes	\N	\N
2015	The Night Before	Grand Puba	1966	\N
2015	The Return	Jeffrey Schallert	\N	\N
2015	The Return	Steven F. Zambo	\N	\N
2015	The Sea of Trees	Adrian Casas	\N	\N
2015	The Sea of Trees	Chris Sparling	1977	\N
2015	The Timber	Anthony O'Brien	\N	\N
2015	The Timber	Colin Ossiander	\N	\N
2015	The Timber	Roxana Leotescu	1984	\N
2015	Tremors 5: Bloodlines	C.J. Strebor	\N	\N
2015	Tremors 5: Bloodlines	M.A. Deuce	\N	\N
2015	Tremors 5: Bloodlines	William Truesmith	\N	\N
2016	All We Had	Annie Weatherwax	\N	\N
2016	All We Had	Jill Killington	\N	\N
2016	Barbie: Star Light Adventure	David Gordon	\N	\N
2016	Broadcasting Christmas	Topher Payne	\N	\N
2016	Dear Diary I Died	Jason Teich	\N	\N
2016	Dear Diary I Died	Zoe D'Andrea	\N	\N
2016	Edge of Winter	Trixie Pacis	\N	\N
2016	Everything But a Man	Gessica Geneus	\N	\N
2016	Everything But a Man	Jaspreet Sabrina Dosanjh	\N	\N
2016	Fanny's Journey	Fanny Ben-Ami	\N	\N
2016	Fanny's Journey	Lola Doillon	1975	\N
2016	Free Fire	Ben Wheatley	1972	\N
2016	Free Fire	Domenico Palomba	\N	\N
2016	Free Fire	Jamie Benyon	\N	\N
2016	Grease Live!	Bronte Woodard	1940	1980
2016	Grease Live!	Nick Baga	\N	\N
2016	Grease Live!	Nicole Knudsen	\N	\N
2016	Gringo: The Dangerous Life of John McAfee	Michael Hirschorn	\N	\N
2016	It's All Good	Brendan Dowling	\N	\N
2016	Life, Animated	Florence Goupil	\N	\N
2016	Life, Animated	Roger Ross Williams	1973	\N
2016	Marie Curie: The Courage of Knowledge	Andrea Stoll	1960	\N
2016	Marie Curie: The Courage of Knowledge	Mehdi Messouci	\N	\N
2016	Rock Dog	Jun Zheng	\N	\N
2016	Silence	Dean Liu	\N	\N
2016	Silence	Randall Emmett	1971	\N
2016	Souvenir	Bavo Defurne	1971	\N
2016	Souvenir	Yves Verbraeken	1975	\N
2016	Te3n	Hamil Tamkin Wassan	\N	\N
2016	Te3n	Sameer Rajendran	\N	\N
2016	Te3n	Shome Makhija	\N	\N
2016	The Last Egg	Bao Nhan	\N	\N
2016	The Last Egg	Nam Cito	\N	\N
2016	Thomas & Friends: The Great Race	Andrew Brenner	\N	\N
2016	Thomas & Friends: The Great Race	Gemal Plummer	\N	\N
2017	Abracadabra	Edu Soto	1978	\N
2017	An Ordinary Man	Milos Paunovic	1980	\N
2017	Ana, My Love	Cezar Paul-Badescu	\N	\N
2017	Bokeh	Peter Adkison	\N	\N
2017	Bullet Head	Paul Solet	\N	\N
2017	Co gai den tu hom qua	Phan Gia Nhat Linh	\N	\N
2017	Creep 2	Jeff Man	\N	\N
2017	Creep 2	Julian Wass	1981	\N
2017	Creep 2	Patrick Brice	1983	\N
2017	Deviant	Alison Midstokke	\N	\N
2017	In the Intense Now	João Moreira Salles	1962	\N
2017	Jugaad	Gregory David Roberts	\N	\N
2017	Love by Chance	Ty Johnston	\N	\N
2017	Mary Goes Round	David Jack	\N	\N
2017	Men in the Arena	J.R. Biersmith	\N	\N
2017	Overdrive	Jean-Charles Granjon	\N	\N
2017	Overdrive	Jessica Errero	\N	\N
2017	Phoenix Forgotten	Carlo Fiorio	\N	\N
2017	Puppet Master: Axis Termination	Tania Fox	1993	\N
2017	Saem	Kyu-Il Hwang	\N	\N
2017	Sarah Plays a Werewolf	Isabelle Flükiger	\N	\N
2017	Sarah Plays a Werewolf	Viviane Aebir	\N	\N
2017	Sarah Plays a Werewolf	Yann Hermenjat	\N	\N
2017	Set Free Posse: Jesus Freaks, Biker Gang, or Christian Cult?	David Trotter	\N	\N
2017	Sollers Point	Jordan Mintzer	\N	\N
2017	Stronger	Carlos Sanz	\N	\N
2017	Stronger	Nate Richman	\N	\N
2017	The Breadwinner	Ali Badshah	\N	\N
2017	The Breadwinner	Andrzej Radka	\N	\N
2017	The Breadwinner	Anthony Leo	\N	\N
2017	The Breadwinner	Deborah Ellis	\N	\N
2017	The Breadwinner	Juliette Peuportier	\N	\N
2017	The Breadwinner	Kanza Feris	\N	\N
2017	The Breadwinner	Mik Løvenbalch Kirchheiner	\N	\N
2017	The Breadwinner	Nora Twomey	1971	\N
2017	The Breadwinner	Sophie Devautour	\N	\N
2017	The Breadwinner	Tomislav Findrik	\N	\N
2017	The Climb	Azedine Kasri	\N	\N
2017	The Climb	Kévin Razy	\N	\N
2017	The Climb	Laurence Lascary	\N	\N
2017	The Climb	Nadir Dendoune	\N	\N
2017	The Farthest	Carolyn Porco	\N	\N
2017	The Farthest	Dennis Liu	\N	\N
2017	The Farthest	Timothy Ferris	\N	\N
2017	The Good Catholic	Erin D. Holmes	\N	\N
2017	The Good Catholic	Shewan Edward Howard	\N	\N
2017	The Immortal Wars	Anthony Avery	\N	\N
2017	The Immortal Wars	James Bahm	\N	\N
2017	The Institute	Bianca Rusu	\N	\N
2017	The Institute	Brian Esquivel	\N	\N
2017	The Institute	Brianna Endrina	\N	\N
2017	The Last Word	Stuart Ross Fink	\N	\N
2017	The Monster Project	Martin Lee White	\N	\N
2017	The Other Side of Hope	Aki Kaurismäki	1957	\N
2017	The Other Side of Hope	Heikki Metsämäki	\N	\N
2017	The Sixth Time	Janne Jääskeläinen	\N	\N
2017	The Sixth Time	Juha-Sakari Hippi	\N	\N
2017	The Trouble with Mistletoe	Sabya Clarke	\N	\N
2017	The West and the Ruthless	Nick Trivundza	\N	\N
2017	Wandering Hearts	Jeff L'Heureux	\N	\N
2017	What Happened to Monday	Caitlin Cameron	\N	\N
2017	What Happened to Monday	Matthew Feitshans	1969	\N
2017	What Happened to Monday	Monika Agorelius	1964	\N
2018	A Clear Felling	Arno Sudermann	\N	\N
2018	A Clear Felling	Mark Sternkiker	\N	\N
2018	After the Rain	Jun Mayuzuki	\N	\N
2018	Alien Code	Julio Salcedo	\N	\N
2018	All You Can Eat	Carly Sadolf	\N	\N
2018	All You Can Eat	Kristen Doscher	\N	\N
2018	Amazon Hot Box	David Aboussafy	\N	\N
2018	Amazon Hot Box	James Bickert	1967	\N
2018	Amazon Hot Box	Ryan Sullivan	\N	\N
2018	American Animals	Anthony J. Police	1979	\N
2018	American Animals	Ashleigh Chavis	\N	\N
2018	American Animals	Bart Layton	\N	\N
2018	American Animals	Michael L. Mizrahi	\N	\N
2018	Await Further Instructions	Johnny Kevorkian	1972	2020
2018	Beloved Beast	AJ Jones	\N	\N
2018	Beloved Beast	Dane Castleton	\N	\N
2018	Beloved Beast	Kim Terreson	\N	\N
2018	Carnivores	Clément Moreau	\N	\N
2018	Carnivores	Milena Marinelli	\N	\N
2018	Down a Dark Hall	David Elliot	\N	\N
2018	Down a Dark Hall	Irene Milla	\N	\N
2018	Egg	Marianna Palka	1981	\N
2018	Eighth Grade	Bo Burnham	1990	\N
2018	Eighth Grade	Kevin R. Free	\N	\N
2018	Eighth Grade	Matthew Chong	\N	\N
2018	Fishbowl California	Lauren Bulloch	\N	\N
2018	Harry & Meghan: A Royal Romance	Menhaj Huda	1967	\N
2018	Incredible Violence	Allison Moira Kelly	\N	\N
2018	K.G.F: Chapter 1	Kamrul Hossain Mihir	\N	\N
2018	K.G.F: Chapter 1	M Chandramouli	\N	\N
2018	K.G.F: Chapter 1	Pranay Vivek Patil	\N	\N
2018	K.G.F: Chapter 1	Raaghav Vinay Shivagange	\N	\N
2018	K.G.F: Chapter 1	T.S. Nagabharana	1953	\N
2018	K.G.F: Chapter 1	V. Nagendra Prasad	\N	\N
2018	Long Lost	Erik Bloomquist	\N	\N
2018	Mad Mom	Frédéric Quiring	\N	\N
2018	MILF	Stéphane Kramer	\N	\N
2018	Mouthpiece	Amy Nostbakken	\N	\N
2018	Murderous Trance	Ivan Ozegovic	1989	\N
2018	Murderous Trance	Mitchell Bard	\N	\N
2018	Murderous Trance	Ville Venho	\N	\N
2018	Netizens	Cailin Yatsko	\N	\N
2018	Odds Are	Danny Latrenta	\N	\N
2018	Odds Are	Graham Jones	\N	\N
2018	Odds Are	Lily Markle	\N	\N
2018	Ouija House	Tom Hillery	\N	\N
2018	Outlaw King	James MacInnes	\N	\N
2018	Outlaw King	Kevin Mains	\N	\N
2018	Outlaw King	Victoria Brown	\N	\N
2018	Peppermint	Ashley Costello	\N	\N
2018	Peppermint	Sam Upton	\N	\N
2018	Perfect	Julia Morrison	\N	\N
2018	Perfect	Miriam Ouchi	\N	\N
2018	Pimp	Christine Crokos	\N	\N
2018	Pimp	Mike E. Winfield	\N	\N
2018	Playing Hard	Mika Dunin	\N	\N
2018	Roads in February	Rodrigo Gils	\N	\N
2018	Roads in February	Sophie Farkas Bolla	\N	\N
2018	Snapshots	Katherine Cortez	\N	\N
2018	Snapshots	Kelly Hogrebe	\N	\N
2018	Snapshots	Wade Stanton	\N	\N
2018	The Antique: Secret of the Old Books	En Mikami	\N	\N
2018	The Big Fat Lie	Grant Dixon	\N	\N
2018	The Texture of Falling	Jenni Prange Boran	\N	\N
2018	The Toybox	Doug Kramer	\N	\N
2019	Arctic Apocalypse	Aaron Witlin	\N	\N
2019	Baumbacher Syndrome	Gregory Kirchhoff	1992	\N
2019	Beats	Lorn Macdonald	\N	\N
2019	Born in a Ballroom	Vasco Dones	\N	\N
2019	Christmas on the Range	Gary Wheeler	\N	\N
2019	Color Out of Space	Daniel Noah	\N	\N
2019	Color Out of Space	H.P. Lovecraft	1890	1937
2019	Color Out of Space	Simão Cayatte	\N	\N
2019	Dead End	Al Shabazz	\N	\N
2019	Different Worlds	C.L. Taylor	\N	\N
2019	Don't Let Go	Noah Feinberg	\N	\N
2019	Dora and the Lost City of Gold	Aiden Fawcett	\N	\N
2019	Dora and the Lost City of Gold	Eugenio Derbez	1962	\N
2019	Dora and the Lost City of Gold	Jack Lewis	\N	\N
2019	Dora and the Lost City of Gold	Joey Vieira	\N	\N
2019	Dora and the Lost City of Gold	Lele Pons	1996	\N
2019	Dora and the Lost City of Gold	Stephen Osborne	1990	\N
2019	Enemy Within	Gabriel Robertson	\N	\N
2019	Flying Cars	Annabel Graham	1989	\N
2019	Flying Cars	Dave Hill	\N	\N
2019	Getting Toasted	Casey Zilbert	\N	\N
2019	Good Newwz	Sambhav Jain	1993	\N
2019	Here Awhile	Csaba Mera	\N	\N
2019	Honey Boy	Chris Leggett	\N	\N
2019	Honey Boy	Daniel Hoerner	\N	\N
2019	Honey Boy	Martin Karlsson	\N	\N
2019	Honey Boy	Roman Yavorsky	\N	\N
2019	Honey Boy	Shannon Lynch	\N	\N
2019	I Spit on Your Grave: Deja Vu	Erik Anderson	\N	\N
2019	Idol	Jongman Kim	\N	\N
2019	Idol	Su-jin Lee	\N	\N
2019	Marriage Story	Annie Hamilton	\N	\N
2019	Marriage Story	Noah Baumbach	1969	\N
2019	Marriage Story	Rich Fulcher	1968	\N
2019	Missbehavior	Kim Sun	\N	\N
2019	Queen of Spades: Through the Looking Glass	Aleksandr Domogarov	1989	\N
2019	Ravage	Annabelle Dexter-Jones	1986	\N
2019	Rome in Love	Anita Hughes	\N	\N
2019	Scary Stories to Tell in the Dark	Alvin Schwartz	1927	1992
2019	Scary Stories to Tell in the Dark	Dan Hageman	1976	\N
2019	Scary Stories to Tell in the Dark	Patrick Melton	1975	\N
2019	Silo	Jason Williamson	\N	\N
2019	Silo	Jennifer Dillon	\N	\N
2019	Someone Great	Aaron Maine	\N	\N
2019	Someone Great	Ben Sidell	\N	\N
2019	Suzi Q	David Richardson	\N	\N
2019	The Girl with a Bracelet	Ulises Porra	\N	\N
2019	Torpedo	Kobe Van Steenberghe	\N	\N
2019	Where Does a Body End?	Marco Bresba	\N	\N
2019	Where Does a Body End?	Pedro Orrego	\N	\N
2020	1	Ilona Europa	\N	\N
2020	Ask No Questions	Caylan Ford	\N	\N
2020	Ballbuster	Benjamin Sample	\N	\N
2020	Ballbuster	Jackson Brown	\N	\N
2020	Ballbuster	Peter Daniel Straus	\N	\N
2020	Crestone	Corey Hughes	\N	\N
2020	Crestone	Marnie Ellen Hertzler	\N	\N
2020	Dance of the 41	Isabel Lopez Polanco	\N	\N
2020	Dance of the 41	Monika Revilla	\N	\N
2020	Dear Christmas	Juliet Giglio	\N	\N
2020	Deathwell	Dakota Sawyer	\N	\N
2020	Deathwell	Ethan Allen	\N	\N
2020	Deported	Dean Ward	1969	\N
2020	Fatal Journey	Yufeng Jiao	\N	\N
2020	Heroes	Manish Pandey	\N	\N
2020	House of Quarantine	Randal Lee Smith	\N	\N
2020	How to Stop a Recurring Dream	Ed Morris	\N	\N
2020	Illegal Woman	Daniel Faraldo	1949	\N
2020	Illegal Woman	Laura Rosel	\N	\N
2020	Illegal Woman	Ramon Térmens	\N	\N
2020	Little White Snowflake	Chase Stern	\N	\N
2020	Lorelei	Michael Grepp	\N	\N
2020	Patterns of Evidence: The Red Sea Miracle II	Steven Law	\N	\N
2020	Primal	Maddie Ogden	\N	\N
2020	Princess Cut	Demetra Kareman	\N	\N
2020	Psychos & Socios	On Shiu	\N	\N
2020	Rent-A-Pal	Dalton Groves	\N	\N
2020	Rent-A-Pal	Jon Stevenson	\N	\N
2020	Saezuru Tori Wa Habatakanai: The Clouds Gather	Kou Yoneda	\N	\N
2020	Say Your Prayers	Ben Bond	\N	\N
2020	Say Your Prayers	Harry Michell	1991	\N
2020	Spontaneous	Aaron Starmer	\N	\N
2020	Spontaneous	Eva Day	\N	\N
2020	Takeout	Michal Siewierski	\N	\N
2020	The Postcard Killings	Andrew Stern	\N	\N
2020	The Postcard Killings	Ellen Furman	\N	\N
2020	The Postcard Killings	Liza Marklund	1962	\N
2020	The Woodsman	Paul Leach	\N	\N
2020	They Live Inside Us	James Morris	\N	\N
2020	Tigertail	Mark R. Wright	\N	\N
2020	Underwater	Adam Cozad	\N	\N
2020	Underwater	Adriane McCray	\N	\N
2020	Underwater	Daniela Urbina Mendoza	\N	\N
2020	Underwater	Illya Laney	\N	\N
2020	Underwater	Julien Baëza	\N	\N
2020	Vengeance	Richard John Taylor	1985	\N
2020	Warmed-Over Krautrock	Derek James Elstro	\N	\N
2020	You're Bacon Me Crazy	Suzanne Nelson	\N	\N
2021	A Fiancu00e9 for Christmas	Angeline Olschewski	\N	\N
2021	About Pie	Carolina Montenegro	\N	\N
2021	About Pie	Greg Hirshland	\N	\N
2021	About Pie	Jorge Espinoza	\N	\N
2021	Boy Meets Boy	Dani Sanchez-Lopez	\N	\N
2021	Boy Meets Boy	Emilie Koefoed Larsen	\N	\N
2021	Cherry	Chris Leszkowicz	\N	\N
2021	Cherry	David Matthew Cummings	\N	\N
2021	Cherry	Kellye Howard	1981	\N
2021	Cherry	Kristopher Wente	\N	\N
2021	Cherry	Michael Gandolfini	1999	\N
2021	Cherry	Moe Alatawi	\N	\N
2021	Cherry	Nico Walker	\N	\N
2021	Chloe's Mountain	Isabella Antinoro	\N	\N
2021	Dead Again	Steven M. Smith	1974	\N
2021	Doors	Ed Hobbs	\N	\N
2021	Doors	Jeff Desom	\N	\N
2021	Doors	Jordan Rock	\N	\N
2021	Dynasty Warriors	Rui Li	\N	\N
2021	Expiry	Daniel Lyddon	1983	\N
2021	Ferry	Bart Uytdenhouwen	\N	\N
2021	Friendzone	Fadily Camara	\N	\N
2021	Friendzone	Stanislas Carré de Malberg	\N	\N
2021	Julia	Katia Repina	\N	\N
2021	Killer Cheer Mom	Ben Backhaus	\N	\N
2021	Liars & Cheats	Jacob Migicovsky	\N	\N
2021	Mass	J. Davis	\N	\N
2021	Monica and Friends: Lessons	Angélica Paula	\N	\N
2021	Monica and Friends: Lessons	Lu Cafaggi	\N	\N
2021	Monica and Friends: Lessons	Thiago Dottori	\N	\N
2021	Monica and Friends: Lessons	Vitor Cafaggi	\N	\N
2021	Oro Arrowhead	Robbie Dernehl	\N	\N
2021	Oro Arrowhead	Wayne Deloriea	\N	\N
2021	Sardar Udham	Dhruv Goswami	\N	\N
2021	Sardar Udham	Shubhendu Bhattacharya	\N	\N
2021	Sardar Udham	Vishwajeet Chavan	\N	\N
2021	Soul Santa	Cory Tynan	\N	\N
2021	South of Heaven	Aharon Keshales	1976	\N
2021	South of Heaven	Kai Mark	\N	\N
2021	South of Heaven	Sandra Ray Tindol	\N	\N
2021	The Black Phone	Bryan Binder	\N	\N
2021	The Black Phone	C. Robert Cargill	1975	\N
2021	The Black Phone	Dylan Yastremski	\N	\N
2021	The Black Phone	Joe Hill	1972	\N
2021	The Black Phone	Kevin Strahm	\N	\N
2021	The Black Phone	Parrish Stikeleather	\N	\N
2021	The Black Phone	Zac Ivey	\N	\N
2021	The Card Counter	Mick Southworth	\N	\N
2021	The Card Counter	Ruben Islas	\N	\N
2021	The Girl Who Killed Her Parents	Leopoldo Nakata	\N	\N
2021	The Green Sea	Oliver Plunkett	1985	\N
2021	The Harder They Fall	Hannah Sutter	\N	\N
2021	The Harder They Fall	Michael Terrell Williams	\N	\N
2021	The Harder They Fall	Phil Ductan	\N	\N
2021	The Hating Game	Sally Thorne	\N	\N
2021	The Shuroo Process	Michael Christensen	\N	\N
2021	The Tragedy of Macbeth	Joel Coen	1954	\N
2021	The Tragedy of Macbeth	William Shakespeare	1564	1616
2021	Things Heard & Seen	Alison Smith	\N	\N
2021	Things Heard & Seen	Elizabeth Brundage	\N	\N
2021	Things Heard & Seen	Michel Stolnicki	\N	\N
2021	Things Heard & Seen	Shari Springer Berman	1963	\N
2021	Time Is Up	Lorenzo Ura	\N	\N
2021	Time Is Up	Patrizia Fiorellini	\N	\N
2021	Twisted Little Lies	Gianna Capra	\N	\N
2021	When I Consume You	Adam Stovall	\N	\N
2021	Witch Hunt	Elle Callahan	\N	\N
2021	Witch Hunt	Eric Lyons	\N	\N
2022	Abandoned	Andrew Davies Gans	\N	\N
2022	Abandoned	Erik Patterson	\N	\N
2022	Anek	Shakeel Azmi	\N	\N
2022	Anek	Sima Agarwal	\N	\N
2022	Backpackers	Wendy Ramos	\N	\N
2022	Clowning	Vassiliki Ellwood Yiagazis	\N	\N
2022	Home Team	Keith Blum	\N	\N
2022	Hotel Transylvania: Transformania	Lauren Sassen	\N	\N
2022	One Day, You Will Reach the Sea	Ryûtarô Nakagawa	\N	\N
2022	Pursuit	Ben Fiore	1959	\N
2022	Pursuit	Ryan Bates	\N	\N
2022	Restless	Kevin Debonne	\N	\N
2022	Restless	Robert Hoebeke	\N	\N
2022	Spiderhead	Brittany McDonald	\N	\N
2022	Spiderhead	Cornelius Porter III	\N	\N
2022	Spiderhead	Dustin Henning	\N	\N
2022	The Hater	Susan-Kate Heaney	\N	\N
2022	Wolf Hound	Tom Sorenson	\N	\N
